ISO-10303-21;
HEADER;
/* Generated by software containing ST-Developer
 * from STEP Tools, Inc. (www.steptools.com) 
 */

FILE_DESCRIPTION(
/* description */ (''),
/* implementation_level */ '2;1');

FILE_NAME(
/* name */ '',
/* time_stamp */ '2025-06-01T22:51:29+09:00',
/* author */ (''),
/* organization */ (''),
/* preprocessor_version */ 'ST-DEVELOPER v20.1',
/* originating_system */ 'Autodesk Translation Framework v14.10.0.0',
/* authorisation */ '');

FILE_SCHEMA (('AUTOMOTIVE_DESIGN { 1 0 10303 214 3 1 1 }'));
ENDSEC;

DATA;
#10=MECHANICAL_DESIGN_GEOMETRIC_PRESENTATION_REPRESENTATION('',(#13),#3033);
#11=SHAPE_REPRESENTATION_RELATIONSHIP('SRR','None',#3040,#12);
#12=ADVANCED_BREP_SHAPE_REPRESENTATION('',(#14),#3032);
#13=STYLED_ITEM('',(#3049),#14);
#14=MANIFOLD_SOLID_BREP('\X2\BCF8CCB4\X0\1',#1225);
#15=FACE_BOUND('',#328,.T.);
#16=FACE_BOUND('',#329,.T.);
#17=FACE_BOUND('',#331,.T.);
#18=FACE_BOUND('',#333,.T.);
#19=FACE_BOUND('',#334,.T.);
#20=FACE_BOUND('',#336,.T.);
#21=FACE_BOUND('',#353,.T.);
#22=FACE_BOUND('',#354,.T.);
#23=FACE_BOUND('',#357,.T.);
#24=FACE_BOUND('',#368,.T.);
#25=FACE_BOUND('',#369,.T.);
#26=PLANE('',#1299);
#27=PLANE('',#1303);
#28=PLANE('',#1307);
#29=PLANE('',#1311);
#30=PLANE('',#1317);
#31=PLANE('',#1320);
#32=PLANE('',#1321);
#33=PLANE('',#1326);
#34=PLANE('',#1327);
#35=PLANE('',#1335);
#36=PLANE('',#1353);
#37=PLANE('',#1354);
#38=PLANE('',#1355);
#39=PLANE('',#1361);
#40=PLANE('',#1363);
#41=PLANE('',#1365);
#42=PLANE('',#1367);
#43=PLANE('',#1368);
#44=PLANE('',#1369);
#45=CYLINDRICAL_SURFACE('',#1282,1.2645);
#46=CYLINDRICAL_SURFACE('',#1287,1.2645);
#47=CYLINDRICAL_SURFACE('',#1292,1.2645);
#48=CYLINDRICAL_SURFACE('',#1297,1.2645);
#49=CYLINDRICAL_SURFACE('',#1315,2.2);
#50=CYLINDRICAL_SURFACE('',#1318,2.2);
#51=CYLINDRICAL_SURFACE('',#1334,2.2);
#52=CYLINDRICAL_SURFACE('',#1336,2.2);
#53=CYLINDRICAL_SURFACE('',#1339,0.2);
#54=CYLINDRICAL_SURFACE('',#1342,0.2);
#55=CYLINDRICAL_SURFACE('',#1345,0.2);
#56=CYLINDRICAL_SURFACE('',#1346,0.2);
#57=CYLINDRICAL_SURFACE('',#1349,0.2);
#58=CYLINDRICAL_SURFACE('',#1350,0.2);
#59=CYLINDRICAL_SURFACE('',#1351,0.2);
#60=CYLINDRICAL_SURFACE('',#1352,0.2);
#61=CYLINDRICAL_SURFACE('',#1360,0.2);
#62=CYLINDRICAL_SURFACE('',#1362,0.2);
#63=CYLINDRICAL_SURFACE('',#1364,0.2);
#64=CYLINDRICAL_SURFACE('',#1366,0.2);
#65=LINE('',#2663,#137);
#66=LINE('',#2667,#138);
#67=LINE('',#2673,#139);
#68=LINE('',#2677,#140);
#69=LINE('',#2683,#141);
#70=LINE('',#2687,#142);
#71=LINE('',#2693,#143);
#72=LINE('',#2697,#144);
#73=LINE('',#2702,#145);
#74=LINE('',#2704,#146);
#75=LINE('',#2706,#147);
#76=LINE('',#2707,#148);
#77=LINE('',#2712,#149);
#78=LINE('',#2717,#150);
#79=LINE('',#2718,#151);
#80=LINE('',#2719,#152);
#81=LINE('',#2724,#153);
#82=LINE('',#2729,#154);
#83=LINE('',#2730,#155);
#84=LINE('',#2731,#156);
#85=LINE('',#2736,#157);
#86=LINE('',#2741,#158);
#87=LINE('',#2742,#159);
#88=LINE('',#2743,#160);
#89=LINE('',#2749,#161);
#90=LINE('',#2752,#162);
#91=LINE('',#2755,#163);
#92=LINE('',#2756,#164);
#93=LINE('',#2759,#165);
#94=LINE('',#2763,#166);
#95=LINE('',#2764,#167);
#96=LINE('',#2768,#168);
#97=LINE('',#2772,#169);
#98=LINE('',#2776,#170);
#99=LINE('',#2780,#171);
#100=LINE('',#2784,#172);
#101=LINE('',#2785,#173);
#102=LINE('',#2790,#174);
#103=LINE('',#2794,#175);
#104=LINE('',#2798,#176);
#105=LINE('',#2802,#177);
#106=LINE('',#2806,#178);
#107=LINE('',#2809,#179);
#108=LINE('',#2811,#180);
#109=LINE('',#2853,#181);
#110=LINE('',#2854,#182);
#111=LINE('',#2895,#183);
#112=LINE('',#2896,#184);
#113=LINE('',#2937,#185);
#114=LINE('',#2938,#186);
#115=LINE('',#2940,#187);
#116=LINE('',#2941,#188);
#117=LINE('',#2982,#189);
#118=LINE('',#2983,#190);
#119=LINE('',#2985,#191);
#120=LINE('',#2986,#192);
#121=LINE('',#2988,#193);
#122=LINE('',#2989,#194);
#123=LINE('',#2991,#195);
#124=LINE('',#2992,#196);
#125=LINE('',#2998,#197);
#126=LINE('',#3002,#198);
#127=LINE('',#3006,#199);
#128=LINE('',#3010,#200);
#129=LINE('',#3013,#201);
#130=LINE('',#3014,#202);
#131=LINE('',#3016,#203);
#132=LINE('',#3018,#204);
#133=LINE('',#3020,#205);
#134=LINE('',#3022,#206);
#135=LINE('',#3024,#207);
#136=LINE('',#3026,#208);
#137=VECTOR('',#1456,2.33225);
#138=VECTOR('',#1461,1.2645);
#139=VECTOR('',#1468,2.33225);
#140=VECTOR('',#1473,1.2645);
#141=VECTOR('',#1480,2.33225);
#142=VECTOR('',#1485,1.2645);
#143=VECTOR('',#1492,2.33225);
#144=VECTOR('',#1497,1.2645);
#145=VECTOR('',#1502,10.);
#146=VECTOR('',#1503,10.);
#147=VECTOR('',#1504,10.);
#148=VECTOR('',#1505,10.);
#149=VECTOR('',#1510,10.);
#150=VECTOR('',#1515,10.);
#151=VECTOR('',#1516,10.);
#152=VECTOR('',#1517,10.);
#153=VECTOR('',#1522,10.);
#154=VECTOR('',#1527,10.);
#155=VECTOR('',#1528,10.);
#156=VECTOR('',#1529,10.);
#157=VECTOR('',#1534,10.);
#158=VECTOR('',#1539,10.);
#159=VECTOR('',#1540,10.);
#160=VECTOR('',#1541,10.);
#161=VECTOR('',#1550,10.);
#162=VECTOR('',#1553,10.);
#163=VECTOR('',#1556,10.);
#164=VECTOR('',#1557,10.);
#165=VECTOR('',#1560,10.);
#166=VECTOR('',#1565,10.);
#167=VECTOR('',#1566,10.);
#168=VECTOR('',#1569,10.);
#169=VECTOR('',#1572,10.);
#170=VECTOR('',#1575,10.);
#171=VECTOR('',#1578,10.);
#172=VECTOR('',#1583,10.);
#173=VECTOR('',#1584,10.);
#174=VECTOR('',#1589,10.);
#175=VECTOR('',#1592,10.);
#176=VECTOR('',#1595,10.);
#177=VECTOR('',#1598,10.);
#178=VECTOR('',#1601,10.);
#179=VECTOR('',#1606,10.);
#180=VECTOR('',#1609,10.);
#181=VECTOR('',#1618,10.);
#182=VECTOR('',#1619,10.);
#183=VECTOR('',#1626,10.);
#184=VECTOR('',#1627,10.);
#185=VECTOR('',#1634,10.);
#186=VECTOR('',#1635,10.);
#187=VECTOR('',#1638,10.);
#188=VECTOR('',#1639,10.);
#189=VECTOR('',#1646,10.);
#190=VECTOR('',#1647,10.);
#191=VECTOR('',#1650,10.);
#192=VECTOR('',#1651,10.);
#193=VECTOR('',#1654,10.);
#194=VECTOR('',#1655,10.);
#195=VECTOR('',#1658,10.);
#196=VECTOR('',#1659,10.);
#197=VECTOR('',#1666,10.);
#198=VECTOR('',#1669,10.);
#199=VECTOR('',#1672,10.);
#200=VECTOR('',#1675,10.);
#201=VECTOR('',#1680,10.);
#202=VECTOR('',#1681,10.);
#203=VECTOR('',#1684,10.);
#204=VECTOR('',#1687,10.);
#205=VECTOR('',#1690,10.);
#206=VECTOR('',#1693,10.);
#207=VECTOR('',#1696,10.);
#208=VECTOR('',#1699,10.);
#209=CONICAL_SURFACE('',#1279,2.33225,0.785398163397448);
#210=CONICAL_SURFACE('',#1284,2.33225,0.785398163397448);
#211=CONICAL_SURFACE('',#1289,2.33225,0.785398163397448);
#212=CONICAL_SURFACE('',#1294,2.33225,0.785398163397448);
#213=CONICAL_SURFACE('',#1300,1.30000000000001,0.785398163397443);
#214=CONICAL_SURFACE('',#1304,1.30000000000001,0.785398163397441);
#215=CONICAL_SURFACE('',#1308,1.30000000000001,0.785398163397442);
#216=CONICAL_SURFACE('',#1312,1.3,0.785398163397448);
#217=FACE_OUTER_BOUND('',#288,.T.);
#218=FACE_OUTER_BOUND('',#289,.T.);
#219=FACE_OUTER_BOUND('',#290,.T.);
#220=FACE_OUTER_BOUND('',#291,.T.);
#221=FACE_OUTER_BOUND('',#292,.T.);
#222=FACE_OUTER_BOUND('',#293,.T.);
#223=FACE_OUTER_BOUND('',#294,.T.);
#224=FACE_OUTER_BOUND('',#295,.T.);
#225=FACE_OUTER_BOUND('',#296,.T.);
#226=FACE_OUTER_BOUND('',#297,.T.);
#227=FACE_OUTER_BOUND('',#298,.T.);
#228=FACE_OUTER_BOUND('',#299,.T.);
#229=FACE_OUTER_BOUND('',#300,.T.);
#230=FACE_OUTER_BOUND('',#301,.T.);
#231=FACE_OUTER_BOUND('',#302,.T.);
#232=FACE_OUTER_BOUND('',#303,.T.);
#233=FACE_OUTER_BOUND('',#304,.T.);
#234=FACE_OUTER_BOUND('',#305,.T.);
#235=FACE_OUTER_BOUND('',#306,.T.);
#236=FACE_OUTER_BOUND('',#307,.T.);
#237=FACE_OUTER_BOUND('',#308,.T.);
#238=FACE_OUTER_BOUND('',#309,.T.);
#239=FACE_OUTER_BOUND('',#310,.T.);
#240=FACE_OUTER_BOUND('',#311,.T.);
#241=FACE_OUTER_BOUND('',#312,.T.);
#242=FACE_OUTER_BOUND('',#313,.T.);
#243=FACE_OUTER_BOUND('',#314,.T.);
#244=FACE_OUTER_BOUND('',#315,.T.);
#245=FACE_OUTER_BOUND('',#316,.T.);
#246=FACE_OUTER_BOUND('',#317,.T.);
#247=FACE_OUTER_BOUND('',#318,.T.);
#248=FACE_OUTER_BOUND('',#319,.T.);
#249=FACE_OUTER_BOUND('',#320,.T.);
#250=FACE_OUTER_BOUND('',#321,.T.);
#251=FACE_OUTER_BOUND('',#322,.T.);
#252=FACE_OUTER_BOUND('',#323,.T.);
#253=FACE_OUTER_BOUND('',#324,.T.);
#254=FACE_OUTER_BOUND('',#325,.T.);
#255=FACE_OUTER_BOUND('',#326,.T.);
#256=FACE_OUTER_BOUND('',#327,.T.);
#257=FACE_OUTER_BOUND('',#330,.T.);
#258=FACE_OUTER_BOUND('',#332,.T.);
#259=FACE_OUTER_BOUND('',#335,.T.);
#260=FACE_OUTER_BOUND('',#337,.T.);
#261=FACE_OUTER_BOUND('',#338,.T.);
#262=FACE_OUTER_BOUND('',#339,.T.);
#263=FACE_OUTER_BOUND('',#340,.T.);
#264=FACE_OUTER_BOUND('',#341,.T.);
#265=FACE_OUTER_BOUND('',#342,.T.);
#266=FACE_OUTER_BOUND('',#343,.T.);
#267=FACE_OUTER_BOUND('',#344,.T.);
#268=FACE_OUTER_BOUND('',#345,.T.);
#269=FACE_OUTER_BOUND('',#346,.T.);
#270=FACE_OUTER_BOUND('',#347,.T.);
#271=FACE_OUTER_BOUND('',#348,.T.);
#272=FACE_OUTER_BOUND('',#349,.T.);
#273=FACE_OUTER_BOUND('',#350,.T.);
#274=FACE_OUTER_BOUND('',#351,.T.);
#275=FACE_OUTER_BOUND('',#352,.T.);
#276=FACE_OUTER_BOUND('',#355,.T.);
#277=FACE_OUTER_BOUND('',#356,.T.);
#278=FACE_OUTER_BOUND('',#358,.T.);
#279=FACE_OUTER_BOUND('',#359,.T.);
#280=FACE_OUTER_BOUND('',#360,.T.);
#281=FACE_OUTER_BOUND('',#361,.T.);
#282=FACE_OUTER_BOUND('',#362,.T.);
#283=FACE_OUTER_BOUND('',#363,.T.);
#284=FACE_OUTER_BOUND('',#364,.T.);
#285=FACE_OUTER_BOUND('',#365,.T.);
#286=FACE_OUTER_BOUND('',#366,.T.);
#287=FACE_OUTER_BOUND('',#367,.T.);
#288=EDGE_LOOP('',(#770,#771,#772,#773));
#289=EDGE_LOOP('',(#774,#775,#776,#777));
#290=EDGE_LOOP('',(#778,#779,#780,#781));
#291=EDGE_LOOP('',(#782,#783,#784,#785));
#292=EDGE_LOOP('',(#786,#787,#788,#789));
#293=EDGE_LOOP('',(#790,#791,#792,#793));
#294=EDGE_LOOP('',(#794,#795,#796,#797));
#295=EDGE_LOOP('',(#798,#799,#800,#801));
#296=EDGE_LOOP('',(#802,#803,#804,#805));
#297=EDGE_LOOP('',(#806,#807,#808,#809));
#298=EDGE_LOOP('',(#810,#811,#812,#813));
#299=EDGE_LOOP('',(#814,#815,#816,#817));
#300=EDGE_LOOP('',(#818,#819,#820,#821));
#301=EDGE_LOOP('',(#822,#823,#824,#825));
#302=EDGE_LOOP('',(#826,#827,#828,#829));
#303=EDGE_LOOP('',(#830,#831,#832,#833));
#304=EDGE_LOOP('',(#834,#835,#836,#837));
#305=EDGE_LOOP('',(#838,#839,#840,#841));
#306=EDGE_LOOP('',(#842,#843,#844,#845));
#307=EDGE_LOOP('',(#846,#847,#848,#849));
#308=EDGE_LOOP('',(#850,#851,#852,#853));
#309=EDGE_LOOP('',(#854,#855,#856,#857));
#310=EDGE_LOOP('',(#858,#859,#860,#861));
#311=EDGE_LOOP('',(#862,#863,#864,#865));
#312=EDGE_LOOP('',(#866,#867,#868,#869));
#313=EDGE_LOOP('',(#870,#871,#872,#873));
#314=EDGE_LOOP('',(#874,#875,#876,#877));
#315=EDGE_LOOP('',(#878,#879,#880,#881));
#316=EDGE_LOOP('',(#882,#883,#884,#885));
#317=EDGE_LOOP('',(#886,#887,#888,#889));
#318=EDGE_LOOP('',(#890,#891,#892,#893));
#319=EDGE_LOOP('',(#894,#895,#896,#897));
#320=EDGE_LOOP('',(#898,#899,#900,#901));
#321=EDGE_LOOP('',(#902,#903,#904,#905));
#322=EDGE_LOOP('',(#906,#907,#908,#909));
#323=EDGE_LOOP('',(#910,#911,#912,#913));
#324=EDGE_LOOP('',(#914,#915,#916,#917));
#325=EDGE_LOOP('',(#918,#919,#920,#921));
#326=EDGE_LOOP('',(#922,#923,#924,#925));
#327=EDGE_LOOP('',(#926,#927,#928,#929));
#328=EDGE_LOOP('',(#930));
#329=EDGE_LOOP('',(#931));
#330=EDGE_LOOP('',(#932,#933,#934,#935,#936,#937,#938,#939));
#331=EDGE_LOOP('',(#940,#941,#942,#943,#944,#945,#946,#947));
#332=EDGE_LOOP('',(#948,#949,#950,#951));
#333=EDGE_LOOP('',(#952));
#334=EDGE_LOOP('',(#953));
#335=EDGE_LOOP('',(#954,#955,#956,#957,#958,#959,#960,#961));
#336=EDGE_LOOP('',(#962,#963,#964,#965,#966,#967,#968,#969));
#337=EDGE_LOOP('',(#970,#971,#972,#973));
#338=EDGE_LOOP('',(#974,#975,#976,#977));
#339=EDGE_LOOP('',(#978,#979,#980,#981));
#340=EDGE_LOOP('',(#982,#983,#984,#985));
#341=EDGE_LOOP('',(#986,#987,#988,#989,#990));
#342=EDGE_LOOP('',(#991,#992,#993,#994));
#343=EDGE_LOOP('',(#995,#996,#997,#998,#999));
#344=EDGE_LOOP('',(#1000,#1001,#1002,#1003));
#345=EDGE_LOOP('',(#1004,#1005,#1006,#1007,#1008));
#346=EDGE_LOOP('',(#1009,#1010,#1011,#1012,#1013,#1014));
#347=EDGE_LOOP('',(#1015,#1016,#1017,#1018));
#348=EDGE_LOOP('',(#1019,#1020,#1021,#1022,#1023));
#349=EDGE_LOOP('',(#1024,#1025,#1026,#1027,#1028,#1029));
#350=EDGE_LOOP('',(#1030,#1031,#1032,#1033,#1034,#1035));
#351=EDGE_LOOP('',(#1036,#1037,#1038,#1039,#1040,#1041));
#352=EDGE_LOOP('',(#1042,#1043,#1044,#1045,#1046,#1047,#1048,#1049));
#353=EDGE_LOOP('',(#1050));
#354=EDGE_LOOP('',(#1051));
#355=EDGE_LOOP('',(#1052,#1053,#1054,#1055,#1056,#1057,#1058,#1059));
#356=EDGE_LOOP('',(#1060,#1061,#1062,#1063,#1064,#1065,#1066,#1067,#1068,
#1069,#1070,#1071));
#357=EDGE_LOOP('',(#1072,#1073,#1074,#1075,#1076,#1077,#1078,#1079));
#358=EDGE_LOOP('',(#1080,#1081,#1082,#1083));
#359=EDGE_LOOP('',(#1084,#1085,#1086,#1087));
#360=EDGE_LOOP('',(#1088,#1089,#1090,#1091));
#361=EDGE_LOOP('',(#1092,#1093,#1094,#1095));
#362=EDGE_LOOP('',(#1096,#1097,#1098,#1099));
#363=EDGE_LOOP('',(#1100,#1101,#1102,#1103));
#364=EDGE_LOOP('',(#1104,#1105,#1106,#1107));
#365=EDGE_LOOP('',(#1108,#1109,#1110,#1111));
#366=EDGE_LOOP('',(#1112,#1113,#1114,#1115,#1116,#1117,#1118,#1119));
#367=EDGE_LOOP('',(#1120,#1121,#1122,#1123,#1124,#1125,#1126,#1127));
#368=EDGE_LOOP('',(#1128));
#369=EDGE_LOOP('',(#1129));
#370=CIRCLE('',#1239,0.19996979771955);
#371=CIRCLE('',#1240,0.2);
#372=CIRCLE('',#1241,0.2);
#373=CIRCLE('',#1242,0.19996979771955);
#374=CIRCLE('',#1243,0.199969797719555);
#375=CIRCLE('',#1244,0.2);
#376=CIRCLE('',#1245,0.199999999999996);
#377=CIRCLE('',#1246,0.199969797719555);
#378=CIRCLE('',#1247,0.19996979771955);
#379=CIRCLE('',#1248,0.199999999999996);
#380=CIRCLE('',#1249,0.199969797719555);
#381=CIRCLE('',#1250,0.199999999999996);
#382=CIRCLE('',#1251,0.199999999999996);
#383=CIRCLE('',#1252,0.199969797719555);
#384=CIRCLE('',#1253,0.199969797719568);
#385=CIRCLE('',#1254,0.199999999999996);
#386=CIRCLE('',#1255,0.2);
#387=CIRCLE('',#1256,0.199969797719568);
#388=CIRCLE('',#1257,0.19996979771955);
#389=CIRCLE('',#1258,0.2);
#390=CIRCLE('',#1259,0.19996979771955);
#391=CIRCLE('',#1260,0.199999999999996);
#392=CIRCLE('',#1261,0.2);
#393=CIRCLE('',#1262,0.19996979771955);
#394=CIRCLE('',#1263,0.199969797719568);
#395=CIRCLE('',#1264,0.2);
#396=CIRCLE('',#1265,0.2);
#397=CIRCLE('',#1266,0.199969797719568);
#398=CIRCLE('',#1267,0.199969797719555);
#399=CIRCLE('',#1268,0.2);
#400=CIRCLE('',#1269,0.199969797719555);
#401=CIRCLE('',#1270,0.199999999999996);
#402=CIRCLE('',#1271,0.199999999999996);
#403=CIRCLE('',#1272,0.199969797719555);
#404=CIRCLE('',#1273,0.199969797719568);
#405=CIRCLE('',#1274,0.199999999999996);
#406=CIRCLE('',#1275,0.2);
#407=CIRCLE('',#1276,0.199969797719568);
#408=CIRCLE('',#1277,0.199969797719568);
#409=CIRCLE('',#1278,0.2);
#410=CIRCLE('',#1280,3.4);
#411=CIRCLE('',#1281,1.2645);
#412=CIRCLE('',#1283,1.2645);
#413=CIRCLE('',#1285,3.4);
#414=CIRCLE('',#1286,1.2645);
#415=CIRCLE('',#1288,1.2645);
#416=CIRCLE('',#1290,3.39999999999999);
#417=CIRCLE('',#1291,1.2645);
#418=CIRCLE('',#1293,1.2645);
#419=CIRCLE('',#1295,3.39999999999999);
#420=CIRCLE('',#1296,1.2645);
#421=CIRCLE('',#1298,1.2645);
#422=CIRCLE('',#1301,2.2);
#423=CIRCLE('',#1302,0.400000000000017);
#424=CIRCLE('',#1305,2.2);
#425=CIRCLE('',#1306,0.400000000000024);
#426=CIRCLE('',#1309,2.2);
#427=CIRCLE('',#1310,0.400000000000021);
#428=CIRCLE('',#1313,2.2);
#429=CIRCLE('',#1314,0.4);
#430=CIRCLE('',#1316,2.2);
#431=CIRCLE('',#1319,2.2);
#432=CIRCLE('',#1322,0.2);
#433=CIRCLE('',#1323,0.2);
#434=CIRCLE('',#1324,0.2);
#435=CIRCLE('',#1325,0.2);
#436=CIRCLE('',#1328,2.2);
#437=CIRCLE('',#1329,2.2);
#438=CIRCLE('',#1330,0.2);
#439=CIRCLE('',#1331,0.2);
#440=CIRCLE('',#1332,0.2);
#441=CIRCLE('',#1333,0.2);
#442=CIRCLE('',#1337,0.199999999999996);
#443=CIRCLE('',#1338,0.199969797719568);
#444=CIRCLE('',#1340,0.199999999999996);
#445=CIRCLE('',#1341,0.199969797719555);
#446=CIRCLE('',#1343,0.199999999999996);
#447=CIRCLE('',#1344,0.19996979771955);
#448=CIRCLE('',#1347,0.2);
#449=CIRCLE('',#1348,0.19996979771955);
#450=CIRCLE('',#1356,0.2);
#451=CIRCLE('',#1357,0.2);
#452=CIRCLE('',#1358,0.2);
#453=CIRCLE('',#1359,0.2);
#454=B_SPLINE_CURVE_WITH_KNOTS('',3,(#1745,#1746,#1747,#1748,#1749,#1750),
 .UNSPECIFIED.,.F.,.F.,(4,1,1,4),(0.,0.333333333333333,0.666666666666667,
1.),.UNSPECIFIED.);
#455=B_SPLINE_CURVE_WITH_KNOTS('',3,(#1752,#1753,#1754,#1755,#1756,#1757),
 .UNSPECIFIED.,.F.,.F.,(4,1,1,4),(0.,0.333333333333333,0.666666666666667,
1.),.UNSPECIFIED.);
#456=B_SPLINE_CURVE_WITH_KNOTS('',3,(#1798,#1799,#1800,#1801,#1802,#1803),
 .UNSPECIFIED.,.F.,.F.,(4,1,1,4),(0.,0.333333333333333,0.666666666666667,
1.),.UNSPECIFIED.);
#457=B_SPLINE_CURVE_WITH_KNOTS('',3,(#1844,#1845,#1846,#1847,#1848,#1849),
 .UNSPECIFIED.,.F.,.F.,(4,1,1,4),(0.,0.333333333333333,0.666666666666667,
1.),.UNSPECIFIED.);
#458=B_SPLINE_CURVE_WITH_KNOTS('',3,(#1890,#1891,#1892,#1893,#1894,#1895),
 .UNSPECIFIED.,.F.,.F.,(4,1,1,4),(0.,0.333333333333333,0.666666666666667,
1.),.UNSPECIFIED.);
#459=B_SPLINE_CURVE_WITH_KNOTS('',3,(#1936,#1937,#1938,#1939,#1940,#1941),
 .UNSPECIFIED.,.F.,.F.,(4,1,1,4),(0.,0.333333333333333,0.666666666666667,
1.),.UNSPECIFIED.);
#460=B_SPLINE_CURVE_WITH_KNOTS('',3,(#1983,#1984,#1985,#1986,#1987,#1988),
 .UNSPECIFIED.,.F.,.F.,(4,1,1,4),(0.,0.333333333333333,0.666666666666667,
1.),.UNSPECIFIED.);
#461=B_SPLINE_CURVE_WITH_KNOTS('',3,(#1990,#1991,#1992,#1993,#1994,#1995),
 .UNSPECIFIED.,.F.,.F.,(4,1,1,4),(0.,0.333333333333333,0.666666666666667,
1.),.UNSPECIFIED.);
#462=B_SPLINE_CURVE_WITH_KNOTS('',3,(#2036,#2037,#2038,#2039,#2040,#2041),
 .UNSPECIFIED.,.F.,.F.,(4,1,1,4),(0.,0.333333333333333,0.666666666666667,
1.),.UNSPECIFIED.);
#463=B_SPLINE_CURVE_WITH_KNOTS('',3,(#2082,#2083,#2084,#2085,#2086,#2087),
 .UNSPECIFIED.,.F.,.F.,(4,1,1,4),(0.,0.333333333333333,0.666666666666667,
1.),.UNSPECIFIED.);
#464=B_SPLINE_CURVE_WITH_KNOTS('',3,(#2128,#2129,#2130,#2131,#2132,#2133),
 .UNSPECIFIED.,.F.,.F.,(4,1,1,4),(0.,0.333333333333333,0.666666666666667,
1.),.UNSPECIFIED.);
#465=B_SPLINE_CURVE_WITH_KNOTS('',3,(#2174,#2175,#2176,#2177,#2178,#2179),
 .UNSPECIFIED.,.F.,.F.,(4,1,1,4),(0.,0.333333333333333,0.666666666666667,
1.),.UNSPECIFIED.);
#466=B_SPLINE_CURVE_WITH_KNOTS('',3,(#2221,#2222,#2223,#2224,#2225,#2226),
 .UNSPECIFIED.,.F.,.F.,(4,1,1,4),(0.,0.333333333333333,0.666666666666667,
1.),.UNSPECIFIED.);
#467=B_SPLINE_CURVE_WITH_KNOTS('',3,(#2228,#2229,#2230,#2231,#2232,#2233),
 .UNSPECIFIED.,.F.,.F.,(4,1,1,4),(0.,0.333333333333333,0.666666666666667,
1.),.UNSPECIFIED.);
#468=B_SPLINE_CURVE_WITH_KNOTS('',3,(#2274,#2275,#2276,#2277,#2278,#2279),
 .UNSPECIFIED.,.F.,.F.,(4,1,1,4),(0.,0.333333333333333,0.666666666666667,
1.),.UNSPECIFIED.);
#469=B_SPLINE_CURVE_WITH_KNOTS('',3,(#2320,#2321,#2322,#2323,#2324,#2325),
 .UNSPECIFIED.,.F.,.F.,(4,1,1,4),(0.,0.333333333333333,0.666666666666667,
1.),.UNSPECIFIED.);
#470=B_SPLINE_CURVE_WITH_KNOTS('',3,(#2366,#2367,#2368,#2369,#2370,#2371),
 .UNSPECIFIED.,.F.,.F.,(4,1,1,4),(0.,0.333333333333333,0.666666666666667,
1.),.UNSPECIFIED.);
#471=B_SPLINE_CURVE_WITH_KNOTS('',3,(#2412,#2413,#2414,#2415,#2416,#2417),
 .UNSPECIFIED.,.F.,.F.,(4,1,1,4),(0.,0.333333333333333,0.666666666666667,
1.),.UNSPECIFIED.);
#472=B_SPLINE_CURVE_WITH_KNOTS('',3,(#2459,#2460,#2461,#2462,#2463,#2464),
 .UNSPECIFIED.,.F.,.F.,(4,1,1,4),(0.,0.333333333333333,0.666666666666667,
1.),.UNSPECIFIED.);
#473=B_SPLINE_CURVE_WITH_KNOTS('',3,(#2466,#2467,#2468,#2469,#2470,#2471),
 .UNSPECIFIED.,.F.,.F.,(4,1,1,4),(0.,0.333333333333333,0.666666666666667,
1.),.UNSPECIFIED.);
#474=B_SPLINE_CURVE_WITH_KNOTS('',3,(#2512,#2513,#2514,#2515,#2516,#2517),
 .UNSPECIFIED.,.F.,.F.,(4,1,1,4),(0.,0.333333333333333,0.666666666666667,
1.),.UNSPECIFIED.);
#475=B_SPLINE_CURVE_WITH_KNOTS('',3,(#2558,#2559,#2560,#2561,#2562,#2563),
 .UNSPECIFIED.,.F.,.F.,(4,1,1,4),(0.,0.333333333333333,0.666666666666667,
1.),.UNSPECIFIED.);
#476=B_SPLINE_CURVE_WITH_KNOTS('',3,(#2604,#2605,#2606,#2607,#2608,#2609),
 .UNSPECIFIED.,.F.,.F.,(4,1,1,4),(0.,0.333333333333333,0.666666666666667,
1.),.UNSPECIFIED.);
#477=B_SPLINE_CURVE_WITH_KNOTS('',3,(#2650,#2651,#2652,#2653,#2654,#2655),
 .UNSPECIFIED.,.F.,.F.,(4,1,1,4),(0.,0.333333333333333,0.666666666666667,
1.),.UNSPECIFIED.);
#478=VERTEX_POINT('',#1743);
#479=VERTEX_POINT('',#1744);
#480=VERTEX_POINT('',#1751);
#481=VERTEX_POINT('',#1758);
#482=VERTEX_POINT('',#1797);
#483=VERTEX_POINT('',#1804);
#484=VERTEX_POINT('',#1843);
#485=VERTEX_POINT('',#1850);
#486=VERTEX_POINT('',#1889);
#487=VERTEX_POINT('',#1896);
#488=VERTEX_POINT('',#1935);
#489=VERTEX_POINT('',#1942);
#490=VERTEX_POINT('',#1981);
#491=VERTEX_POINT('',#1982);
#492=VERTEX_POINT('',#1989);
#493=VERTEX_POINT('',#1996);
#494=VERTEX_POINT('',#2035);
#495=VERTEX_POINT('',#2042);
#496=VERTEX_POINT('',#2081);
#497=VERTEX_POINT('',#2088);
#498=VERTEX_POINT('',#2127);
#499=VERTEX_POINT('',#2134);
#500=VERTEX_POINT('',#2173);
#501=VERTEX_POINT('',#2180);
#502=VERTEX_POINT('',#2219);
#503=VERTEX_POINT('',#2220);
#504=VERTEX_POINT('',#2227);
#505=VERTEX_POINT('',#2234);
#506=VERTEX_POINT('',#2273);
#507=VERTEX_POINT('',#2280);
#508=VERTEX_POINT('',#2319);
#509=VERTEX_POINT('',#2326);
#510=VERTEX_POINT('',#2365);
#511=VERTEX_POINT('',#2372);
#512=VERTEX_POINT('',#2411);
#513=VERTEX_POINT('',#2418);
#514=VERTEX_POINT('',#2457);
#515=VERTEX_POINT('',#2458);
#516=VERTEX_POINT('',#2465);
#517=VERTEX_POINT('',#2472);
#518=VERTEX_POINT('',#2511);
#519=VERTEX_POINT('',#2518);
#520=VERTEX_POINT('',#2557);
#521=VERTEX_POINT('',#2564);
#522=VERTEX_POINT('',#2603);
#523=VERTEX_POINT('',#2610);
#524=VERTEX_POINT('',#2649);
#525=VERTEX_POINT('',#2656);
#526=VERTEX_POINT('',#2660);
#527=VERTEX_POINT('',#2662);
#528=VERTEX_POINT('',#2666);
#529=VERTEX_POINT('',#2670);
#530=VERTEX_POINT('',#2672);
#531=VERTEX_POINT('',#2676);
#532=VERTEX_POINT('',#2680);
#533=VERTEX_POINT('',#2682);
#534=VERTEX_POINT('',#2686);
#535=VERTEX_POINT('',#2690);
#536=VERTEX_POINT('',#2692);
#537=VERTEX_POINT('',#2696);
#538=VERTEX_POINT('',#2700);
#539=VERTEX_POINT('',#2701);
#540=VERTEX_POINT('',#2703);
#541=VERTEX_POINT('',#2705);
#542=VERTEX_POINT('',#2709);
#543=VERTEX_POINT('',#2711);
#544=VERTEX_POINT('',#2715);
#545=VERTEX_POINT('',#2716);
#546=VERTEX_POINT('',#2721);
#547=VERTEX_POINT('',#2723);
#548=VERTEX_POINT('',#2727);
#549=VERTEX_POINT('',#2728);
#550=VERTEX_POINT('',#2733);
#551=VERTEX_POINT('',#2735);
#552=VERTEX_POINT('',#2739);
#553=VERTEX_POINT('',#2740);
#554=VERTEX_POINT('',#2748);
#555=VERTEX_POINT('',#2750);
#556=VERTEX_POINT('',#2754);
#557=VERTEX_POINT('',#2758);
#558=VERTEX_POINT('',#2762);
#559=VERTEX_POINT('',#2766);
#560=VERTEX_POINT('',#2767);
#561=VERTEX_POINT('',#2769);
#562=VERTEX_POINT('',#2771);
#563=VERTEX_POINT('',#2773);
#564=VERTEX_POINT('',#2775);
#565=VERTEX_POINT('',#2777);
#566=VERTEX_POINT('',#2779);
#567=VERTEX_POINT('',#2783);
#568=VERTEX_POINT('',#2787);
#569=VERTEX_POINT('',#2789);
#570=VERTEX_POINT('',#2792);
#571=VERTEX_POINT('',#2793);
#572=VERTEX_POINT('',#2795);
#573=VERTEX_POINT('',#2797);
#574=VERTEX_POINT('',#2799);
#575=VERTEX_POINT('',#2801);
#576=VERTEX_POINT('',#2803);
#577=VERTEX_POINT('',#2805);
#578=VERTEX_POINT('',#2849);
#579=VERTEX_POINT('',#2891);
#580=VERTEX_POINT('',#2933);
#581=VERTEX_POINT('',#2978);
#582=VERTEX_POINT('',#2996);
#583=VERTEX_POINT('',#2997);
#584=VERTEX_POINT('',#2999);
#585=VERTEX_POINT('',#3001);
#586=VERTEX_POINT('',#3003);
#587=VERTEX_POINT('',#3005);
#588=VERTEX_POINT('',#3007);
#589=VERTEX_POINT('',#3009);
#590=EDGE_CURVE('',#478,#479,#454,.T.);
#591=EDGE_CURVE('',#478,#480,#455,.T.);
#592=EDGE_CURVE('',#480,#481,#370,.T.);
#593=EDGE_CURVE('',#479,#481,#371,.T.);
#594=EDGE_CURVE('',#478,#482,#456,.T.);
#595=EDGE_CURVE('',#483,#482,#372,.T.);
#596=EDGE_CURVE('',#483,#480,#373,.T.);
#597=EDGE_CURVE('',#478,#484,#457,.T.);
#598=EDGE_CURVE('',#484,#485,#374,.T.);
#599=EDGE_CURVE('',#482,#485,#375,.T.);
#600=EDGE_CURVE('',#478,#486,#458,.T.);
#601=EDGE_CURVE('',#487,#486,#376,.T.);
#602=EDGE_CURVE('',#487,#484,#377,.T.);
#603=EDGE_CURVE('',#478,#488,#459,.T.);
#604=EDGE_CURVE('',#488,#489,#378,.T.);
#605=EDGE_CURVE('',#486,#489,#379,.T.);
#606=EDGE_CURVE('',#490,#491,#460,.T.);
#607=EDGE_CURVE('',#490,#492,#461,.T.);
#608=EDGE_CURVE('',#492,#493,#380,.T.);
#609=EDGE_CURVE('',#491,#493,#381,.T.);
#610=EDGE_CURVE('',#490,#494,#462,.T.);
#611=EDGE_CURVE('',#495,#494,#382,.T.);
#612=EDGE_CURVE('',#495,#492,#383,.T.);
#613=EDGE_CURVE('',#490,#496,#463,.T.);
#614=EDGE_CURVE('',#496,#497,#384,.T.);
#615=EDGE_CURVE('',#494,#497,#385,.T.);
#616=EDGE_CURVE('',#490,#498,#464,.T.);
#617=EDGE_CURVE('',#499,#498,#386,.T.);
#618=EDGE_CURVE('',#499,#496,#387,.T.);
#619=EDGE_CURVE('',#490,#500,#465,.T.);
#620=EDGE_CURVE('',#500,#501,#388,.T.);
#621=EDGE_CURVE('',#498,#501,#389,.T.);
#622=EDGE_CURVE('',#502,#503,#466,.T.);
#623=EDGE_CURVE('',#502,#504,#467,.T.);
#624=EDGE_CURVE('',#504,#505,#390,.T.);
#625=EDGE_CURVE('',#503,#505,#391,.T.);
#626=EDGE_CURVE('',#502,#506,#468,.T.);
#627=EDGE_CURVE('',#507,#506,#392,.T.);
#628=EDGE_CURVE('',#507,#504,#393,.T.);
#629=EDGE_CURVE('',#502,#508,#469,.T.);
#630=EDGE_CURVE('',#508,#509,#394,.T.);
#631=EDGE_CURVE('',#506,#509,#395,.T.);
#632=EDGE_CURVE('',#502,#510,#470,.T.);
#633=EDGE_CURVE('',#511,#510,#396,.T.);
#634=EDGE_CURVE('',#511,#508,#397,.T.);
#635=EDGE_CURVE('',#502,#512,#471,.T.);
#636=EDGE_CURVE('',#512,#513,#398,.T.);
#637=EDGE_CURVE('',#510,#513,#399,.T.);
#638=EDGE_CURVE('',#514,#515,#472,.T.);
#639=EDGE_CURVE('',#514,#516,#473,.T.);
#640=EDGE_CURVE('',#516,#517,#400,.T.);
#641=EDGE_CURVE('',#515,#517,#401,.T.);
#642=EDGE_CURVE('',#514,#518,#474,.T.);
#643=EDGE_CURVE('',#519,#518,#402,.T.);
#644=EDGE_CURVE('',#519,#516,#403,.T.);
#645=EDGE_CURVE('',#514,#520,#475,.T.);
#646=EDGE_CURVE('',#520,#521,#404,.T.);
#647=EDGE_CURVE('',#518,#521,#405,.T.);
#648=EDGE_CURVE('',#514,#522,#476,.T.);
#649=EDGE_CURVE('',#523,#522,#406,.T.);
#650=EDGE_CURVE('',#523,#520,#407,.T.);
#651=EDGE_CURVE('',#514,#524,#477,.T.);
#652=EDGE_CURVE('',#524,#525,#408,.T.);
#653=EDGE_CURVE('',#522,#525,#409,.T.);
#654=EDGE_CURVE('',#526,#526,#410,.T.);
#655=EDGE_CURVE('',#526,#527,#65,.T.);
#656=EDGE_CURVE('',#527,#527,#411,.T.);
#657=EDGE_CURVE('',#527,#528,#66,.T.);
#658=EDGE_CURVE('',#528,#528,#412,.T.);
#659=EDGE_CURVE('',#529,#529,#413,.T.);
#660=EDGE_CURVE('',#529,#530,#67,.T.);
#661=EDGE_CURVE('',#530,#530,#414,.T.);
#662=EDGE_CURVE('',#530,#531,#68,.T.);
#663=EDGE_CURVE('',#531,#531,#415,.T.);
#664=EDGE_CURVE('',#532,#532,#416,.T.);
#665=EDGE_CURVE('',#532,#533,#69,.T.);
#666=EDGE_CURVE('',#533,#533,#417,.T.);
#667=EDGE_CURVE('',#533,#534,#70,.T.);
#668=EDGE_CURVE('',#534,#534,#418,.T.);
#669=EDGE_CURVE('',#535,#535,#419,.T.);
#670=EDGE_CURVE('',#535,#536,#71,.T.);
#671=EDGE_CURVE('',#536,#536,#420,.T.);
#672=EDGE_CURVE('',#536,#537,#72,.T.);
#673=EDGE_CURVE('',#537,#537,#421,.T.);
#674=EDGE_CURVE('',#538,#539,#73,.T.);
#675=EDGE_CURVE('',#539,#540,#74,.T.);
#676=EDGE_CURVE('',#540,#541,#75,.T.);
#677=EDGE_CURVE('',#541,#538,#76,.T.);
#678=EDGE_CURVE('',#538,#542,#422,.T.);
#679=EDGE_CURVE('',#542,#543,#77,.T.);
#680=EDGE_CURVE('',#543,#539,#423,.T.);
#681=EDGE_CURVE('',#544,#545,#78,.T.);
#682=EDGE_CURVE('',#545,#543,#79,.T.);
#683=EDGE_CURVE('',#542,#544,#80,.T.);
#684=EDGE_CURVE('',#544,#546,#424,.T.);
#685=EDGE_CURVE('',#546,#547,#81,.T.);
#686=EDGE_CURVE('',#547,#545,#425,.T.);
#687=EDGE_CURVE('',#548,#549,#82,.T.);
#688=EDGE_CURVE('',#549,#547,#83,.T.);
#689=EDGE_CURVE('',#546,#548,#84,.T.);
#690=EDGE_CURVE('',#548,#550,#426,.T.);
#691=EDGE_CURVE('',#550,#551,#85,.T.);
#692=EDGE_CURVE('',#551,#549,#427,.T.);
#693=EDGE_CURVE('',#552,#553,#86,.T.);
#694=EDGE_CURVE('',#553,#551,#87,.T.);
#695=EDGE_CURVE('',#550,#552,#88,.T.);
#696=EDGE_CURVE('',#552,#541,#428,.T.);
#697=EDGE_CURVE('',#540,#553,#429,.T.);
#698=EDGE_CURVE('',#544,#554,#89,.T.);
#699=EDGE_CURVE('',#554,#555,#430,.T.);
#700=EDGE_CURVE('',#555,#546,#90,.T.);
#701=EDGE_CURVE('',#556,#542,#91,.T.);
#702=EDGE_CURVE('',#554,#556,#92,.T.);
#703=EDGE_CURVE('',#538,#557,#93,.T.);
#704=EDGE_CURVE('',#557,#556,#431,.T.);
#705=EDGE_CURVE('',#558,#541,#94,.T.);
#706=EDGE_CURVE('',#557,#558,#95,.T.);
#707=EDGE_CURVE('',#559,#560,#96,.T.);
#708=EDGE_CURVE('',#561,#560,#432,.T.);
#709=EDGE_CURVE('',#561,#562,#97,.T.);
#710=EDGE_CURVE('',#563,#562,#433,.T.);
#711=EDGE_CURVE('',#563,#564,#98,.T.);
#712=EDGE_CURVE('',#565,#564,#434,.T.);
#713=EDGE_CURVE('',#565,#566,#99,.T.);
#714=EDGE_CURVE('',#559,#566,#435,.T.);
#715=EDGE_CURVE('',#567,#555,#100,.T.);
#716=EDGE_CURVE('',#548,#567,#101,.T.);
#717=EDGE_CURVE('',#568,#558,#436,.T.);
#718=EDGE_CURVE('',#568,#569,#102,.T.);
#719=EDGE_CURVE('',#567,#569,#437,.T.);
#720=EDGE_CURVE('',#570,#571,#103,.T.);
#721=EDGE_CURVE('',#572,#571,#438,.T.);
#722=EDGE_CURVE('',#572,#573,#104,.T.);
#723=EDGE_CURVE('',#574,#573,#439,.T.);
#724=EDGE_CURVE('',#574,#575,#105,.T.);
#725=EDGE_CURVE('',#576,#575,#440,.T.);
#726=EDGE_CURVE('',#576,#577,#106,.T.);
#727=EDGE_CURVE('',#570,#577,#441,.T.);
#728=EDGE_CURVE('',#569,#550,#107,.T.);
#729=EDGE_CURVE('',#552,#568,#108,.T.);
#730=EDGE_CURVE('',#578,#515,#442,.T.);
#731=EDGE_CURVE('',#578,#524,#443,.T.);
#732=EDGE_CURVE('',#575,#578,#109,.T.);
#733=EDGE_CURVE('',#517,#576,#110,.T.);
#734=EDGE_CURVE('',#579,#503,#444,.T.);
#735=EDGE_CURVE('',#579,#512,#445,.T.);
#736=EDGE_CURVE('',#573,#511,#111,.T.);
#737=EDGE_CURVE('',#513,#574,#112,.T.);
#738=EDGE_CURVE('',#580,#491,#446,.T.);
#739=EDGE_CURVE('',#580,#500,#447,.T.);
#740=EDGE_CURVE('',#577,#580,#113,.T.);
#741=EDGE_CURVE('',#493,#570,#114,.T.);
#742=EDGE_CURVE('',#501,#519,#115,.T.);
#743=EDGE_CURVE('',#521,#499,#116,.T.);
#744=EDGE_CURVE('',#581,#479,#448,.T.);
#745=EDGE_CURVE('',#581,#488,#449,.T.);
#746=EDGE_CURVE('',#571,#483,#117,.T.);
#747=EDGE_CURVE('',#485,#572,#118,.T.);
#748=EDGE_CURVE('',#481,#495,#119,.T.);
#749=EDGE_CURVE('',#497,#581,#120,.T.);
#750=EDGE_CURVE('',#509,#487,#121,.T.);
#751=EDGE_CURVE('',#489,#507,#122,.T.);
#752=EDGE_CURVE('',#525,#579,#123,.T.);
#753=EDGE_CURVE('',#505,#523,#124,.T.);
#754=EDGE_CURVE('',#582,#583,#125,.T.);
#755=EDGE_CURVE('',#584,#583,#450,.T.);
#756=EDGE_CURVE('',#584,#585,#126,.T.);
#757=EDGE_CURVE('',#586,#585,#451,.T.);
#758=EDGE_CURVE('',#586,#587,#127,.T.);
#759=EDGE_CURVE('',#588,#587,#452,.T.);
#760=EDGE_CURVE('',#588,#589,#128,.T.);
#761=EDGE_CURVE('',#582,#589,#453,.T.);
#762=EDGE_CURVE('',#566,#584,#129,.T.);
#763=EDGE_CURVE('',#583,#559,#130,.T.);
#764=EDGE_CURVE('',#585,#565,#131,.T.);
#765=EDGE_CURVE('',#564,#586,#132,.T.);
#766=EDGE_CURVE('',#587,#563,#133,.T.);
#767=EDGE_CURVE('',#562,#588,#134,.T.);
#768=EDGE_CURVE('',#589,#561,#135,.T.);
#769=EDGE_CURVE('',#560,#582,#136,.T.);
#770=ORIENTED_EDGE('',*,*,#590,.F.);
#771=ORIENTED_EDGE('',*,*,#591,.T.);
#772=ORIENTED_EDGE('',*,*,#592,.T.);
#773=ORIENTED_EDGE('',*,*,#593,.F.);
#774=ORIENTED_EDGE('',*,*,#591,.F.);
#775=ORIENTED_EDGE('',*,*,#594,.T.);
#776=ORIENTED_EDGE('',*,*,#595,.F.);
#777=ORIENTED_EDGE('',*,*,#596,.T.);
#778=ORIENTED_EDGE('',*,*,#594,.F.);
#779=ORIENTED_EDGE('',*,*,#597,.T.);
#780=ORIENTED_EDGE('',*,*,#598,.T.);
#781=ORIENTED_EDGE('',*,*,#599,.F.);
#782=ORIENTED_EDGE('',*,*,#597,.F.);
#783=ORIENTED_EDGE('',*,*,#600,.T.);
#784=ORIENTED_EDGE('',*,*,#601,.F.);
#785=ORIENTED_EDGE('',*,*,#602,.T.);
#786=ORIENTED_EDGE('',*,*,#600,.F.);
#787=ORIENTED_EDGE('',*,*,#603,.T.);
#788=ORIENTED_EDGE('',*,*,#604,.T.);
#789=ORIENTED_EDGE('',*,*,#605,.F.);
#790=ORIENTED_EDGE('',*,*,#606,.F.);
#791=ORIENTED_EDGE('',*,*,#607,.T.);
#792=ORIENTED_EDGE('',*,*,#608,.T.);
#793=ORIENTED_EDGE('',*,*,#609,.F.);
#794=ORIENTED_EDGE('',*,*,#607,.F.);
#795=ORIENTED_EDGE('',*,*,#610,.T.);
#796=ORIENTED_EDGE('',*,*,#611,.F.);
#797=ORIENTED_EDGE('',*,*,#612,.T.);
#798=ORIENTED_EDGE('',*,*,#610,.F.);
#799=ORIENTED_EDGE('',*,*,#613,.T.);
#800=ORIENTED_EDGE('',*,*,#614,.T.);
#801=ORIENTED_EDGE('',*,*,#615,.F.);
#802=ORIENTED_EDGE('',*,*,#613,.F.);
#803=ORIENTED_EDGE('',*,*,#616,.T.);
#804=ORIENTED_EDGE('',*,*,#617,.F.);
#805=ORIENTED_EDGE('',*,*,#618,.T.);
#806=ORIENTED_EDGE('',*,*,#616,.F.);
#807=ORIENTED_EDGE('',*,*,#619,.T.);
#808=ORIENTED_EDGE('',*,*,#620,.T.);
#809=ORIENTED_EDGE('',*,*,#621,.F.);
#810=ORIENTED_EDGE('',*,*,#622,.F.);
#811=ORIENTED_EDGE('',*,*,#623,.T.);
#812=ORIENTED_EDGE('',*,*,#624,.T.);
#813=ORIENTED_EDGE('',*,*,#625,.F.);
#814=ORIENTED_EDGE('',*,*,#623,.F.);
#815=ORIENTED_EDGE('',*,*,#626,.T.);
#816=ORIENTED_EDGE('',*,*,#627,.F.);
#817=ORIENTED_EDGE('',*,*,#628,.T.);
#818=ORIENTED_EDGE('',*,*,#626,.F.);
#819=ORIENTED_EDGE('',*,*,#629,.T.);
#820=ORIENTED_EDGE('',*,*,#630,.T.);
#821=ORIENTED_EDGE('',*,*,#631,.F.);
#822=ORIENTED_EDGE('',*,*,#629,.F.);
#823=ORIENTED_EDGE('',*,*,#632,.T.);
#824=ORIENTED_EDGE('',*,*,#633,.F.);
#825=ORIENTED_EDGE('',*,*,#634,.T.);
#826=ORIENTED_EDGE('',*,*,#632,.F.);
#827=ORIENTED_EDGE('',*,*,#635,.T.);
#828=ORIENTED_EDGE('',*,*,#636,.T.);
#829=ORIENTED_EDGE('',*,*,#637,.F.);
#830=ORIENTED_EDGE('',*,*,#638,.F.);
#831=ORIENTED_EDGE('',*,*,#639,.T.);
#832=ORIENTED_EDGE('',*,*,#640,.T.);
#833=ORIENTED_EDGE('',*,*,#641,.F.);
#834=ORIENTED_EDGE('',*,*,#639,.F.);
#835=ORIENTED_EDGE('',*,*,#642,.T.);
#836=ORIENTED_EDGE('',*,*,#643,.F.);
#837=ORIENTED_EDGE('',*,*,#644,.T.);
#838=ORIENTED_EDGE('',*,*,#642,.F.);
#839=ORIENTED_EDGE('',*,*,#645,.T.);
#840=ORIENTED_EDGE('',*,*,#646,.T.);
#841=ORIENTED_EDGE('',*,*,#647,.F.);
#842=ORIENTED_EDGE('',*,*,#645,.F.);
#843=ORIENTED_EDGE('',*,*,#648,.T.);
#844=ORIENTED_EDGE('',*,*,#649,.F.);
#845=ORIENTED_EDGE('',*,*,#650,.T.);
#846=ORIENTED_EDGE('',*,*,#648,.F.);
#847=ORIENTED_EDGE('',*,*,#651,.T.);
#848=ORIENTED_EDGE('',*,*,#652,.T.);
#849=ORIENTED_EDGE('',*,*,#653,.F.);
#850=ORIENTED_EDGE('',*,*,#654,.F.);
#851=ORIENTED_EDGE('',*,*,#655,.T.);
#852=ORIENTED_EDGE('',*,*,#656,.T.);
#853=ORIENTED_EDGE('',*,*,#655,.F.);
#854=ORIENTED_EDGE('',*,*,#656,.F.);
#855=ORIENTED_EDGE('',*,*,#657,.T.);
#856=ORIENTED_EDGE('',*,*,#658,.F.);
#857=ORIENTED_EDGE('',*,*,#657,.F.);
#858=ORIENTED_EDGE('',*,*,#659,.F.);
#859=ORIENTED_EDGE('',*,*,#660,.T.);
#860=ORIENTED_EDGE('',*,*,#661,.T.);
#861=ORIENTED_EDGE('',*,*,#660,.F.);
#862=ORIENTED_EDGE('',*,*,#661,.F.);
#863=ORIENTED_EDGE('',*,*,#662,.T.);
#864=ORIENTED_EDGE('',*,*,#663,.F.);
#865=ORIENTED_EDGE('',*,*,#662,.F.);
#866=ORIENTED_EDGE('',*,*,#664,.F.);
#867=ORIENTED_EDGE('',*,*,#665,.T.);
#868=ORIENTED_EDGE('',*,*,#666,.T.);
#869=ORIENTED_EDGE('',*,*,#665,.F.);
#870=ORIENTED_EDGE('',*,*,#666,.F.);
#871=ORIENTED_EDGE('',*,*,#667,.T.);
#872=ORIENTED_EDGE('',*,*,#668,.F.);
#873=ORIENTED_EDGE('',*,*,#667,.F.);
#874=ORIENTED_EDGE('',*,*,#669,.F.);
#875=ORIENTED_EDGE('',*,*,#670,.T.);
#876=ORIENTED_EDGE('',*,*,#671,.T.);
#877=ORIENTED_EDGE('',*,*,#670,.F.);
#878=ORIENTED_EDGE('',*,*,#671,.F.);
#879=ORIENTED_EDGE('',*,*,#672,.T.);
#880=ORIENTED_EDGE('',*,*,#673,.F.);
#881=ORIENTED_EDGE('',*,*,#672,.F.);
#882=ORIENTED_EDGE('',*,*,#674,.T.);
#883=ORIENTED_EDGE('',*,*,#675,.T.);
#884=ORIENTED_EDGE('',*,*,#676,.T.);
#885=ORIENTED_EDGE('',*,*,#677,.T.);
#886=ORIENTED_EDGE('',*,*,#674,.F.);
#887=ORIENTED_EDGE('',*,*,#678,.T.);
#888=ORIENTED_EDGE('',*,*,#679,.T.);
#889=ORIENTED_EDGE('',*,*,#680,.T.);
#890=ORIENTED_EDGE('',*,*,#681,.T.);
#891=ORIENTED_EDGE('',*,*,#682,.T.);
#892=ORIENTED_EDGE('',*,*,#679,.F.);
#893=ORIENTED_EDGE('',*,*,#683,.T.);
#894=ORIENTED_EDGE('',*,*,#681,.F.);
#895=ORIENTED_EDGE('',*,*,#684,.T.);
#896=ORIENTED_EDGE('',*,*,#685,.T.);
#897=ORIENTED_EDGE('',*,*,#686,.T.);
#898=ORIENTED_EDGE('',*,*,#687,.T.);
#899=ORIENTED_EDGE('',*,*,#688,.T.);
#900=ORIENTED_EDGE('',*,*,#685,.F.);
#901=ORIENTED_EDGE('',*,*,#689,.T.);
#902=ORIENTED_EDGE('',*,*,#687,.F.);
#903=ORIENTED_EDGE('',*,*,#690,.T.);
#904=ORIENTED_EDGE('',*,*,#691,.T.);
#905=ORIENTED_EDGE('',*,*,#692,.T.);
#906=ORIENTED_EDGE('',*,*,#693,.T.);
#907=ORIENTED_EDGE('',*,*,#694,.T.);
#908=ORIENTED_EDGE('',*,*,#691,.F.);
#909=ORIENTED_EDGE('',*,*,#695,.T.);
#910=ORIENTED_EDGE('',*,*,#693,.F.);
#911=ORIENTED_EDGE('',*,*,#696,.T.);
#912=ORIENTED_EDGE('',*,*,#676,.F.);
#913=ORIENTED_EDGE('',*,*,#697,.T.);
#914=ORIENTED_EDGE('',*,*,#684,.F.);
#915=ORIENTED_EDGE('',*,*,#698,.T.);
#916=ORIENTED_EDGE('',*,*,#699,.T.);
#917=ORIENTED_EDGE('',*,*,#700,.T.);
#918=ORIENTED_EDGE('',*,*,#683,.F.);
#919=ORIENTED_EDGE('',*,*,#701,.F.);
#920=ORIENTED_EDGE('',*,*,#702,.F.);
#921=ORIENTED_EDGE('',*,*,#698,.F.);
#922=ORIENTED_EDGE('',*,*,#678,.F.);
#923=ORIENTED_EDGE('',*,*,#703,.T.);
#924=ORIENTED_EDGE('',*,*,#704,.T.);
#925=ORIENTED_EDGE('',*,*,#701,.T.);
#926=ORIENTED_EDGE('',*,*,#677,.F.);
#927=ORIENTED_EDGE('',*,*,#705,.F.);
#928=ORIENTED_EDGE('',*,*,#706,.F.);
#929=ORIENTED_EDGE('',*,*,#703,.F.);
#930=ORIENTED_EDGE('',*,*,#654,.T.);
#931=ORIENTED_EDGE('',*,*,#659,.T.);
#932=ORIENTED_EDGE('',*,*,#675,.F.);
#933=ORIENTED_EDGE('',*,*,#680,.F.);
#934=ORIENTED_EDGE('',*,*,#682,.F.);
#935=ORIENTED_EDGE('',*,*,#686,.F.);
#936=ORIENTED_EDGE('',*,*,#688,.F.);
#937=ORIENTED_EDGE('',*,*,#692,.F.);
#938=ORIENTED_EDGE('',*,*,#694,.F.);
#939=ORIENTED_EDGE('',*,*,#697,.F.);
#940=ORIENTED_EDGE('',*,*,#707,.T.);
#941=ORIENTED_EDGE('',*,*,#708,.F.);
#942=ORIENTED_EDGE('',*,*,#709,.T.);
#943=ORIENTED_EDGE('',*,*,#710,.F.);
#944=ORIENTED_EDGE('',*,*,#711,.T.);
#945=ORIENTED_EDGE('',*,*,#712,.F.);
#946=ORIENTED_EDGE('',*,*,#713,.T.);
#947=ORIENTED_EDGE('',*,*,#714,.F.);
#948=ORIENTED_EDGE('',*,*,#689,.F.);
#949=ORIENTED_EDGE('',*,*,#700,.F.);
#950=ORIENTED_EDGE('',*,*,#715,.F.);
#951=ORIENTED_EDGE('',*,*,#716,.F.);
#952=ORIENTED_EDGE('',*,*,#664,.T.);
#953=ORIENTED_EDGE('',*,*,#669,.T.);
#954=ORIENTED_EDGE('',*,*,#699,.F.);
#955=ORIENTED_EDGE('',*,*,#702,.T.);
#956=ORIENTED_EDGE('',*,*,#704,.F.);
#957=ORIENTED_EDGE('',*,*,#706,.T.);
#958=ORIENTED_EDGE('',*,*,#717,.F.);
#959=ORIENTED_EDGE('',*,*,#718,.T.);
#960=ORIENTED_EDGE('',*,*,#719,.F.);
#961=ORIENTED_EDGE('',*,*,#715,.T.);
#962=ORIENTED_EDGE('',*,*,#720,.T.);
#963=ORIENTED_EDGE('',*,*,#721,.F.);
#964=ORIENTED_EDGE('',*,*,#722,.T.);
#965=ORIENTED_EDGE('',*,*,#723,.F.);
#966=ORIENTED_EDGE('',*,*,#724,.T.);
#967=ORIENTED_EDGE('',*,*,#725,.F.);
#968=ORIENTED_EDGE('',*,*,#726,.T.);
#969=ORIENTED_EDGE('',*,*,#727,.F.);
#970=ORIENTED_EDGE('',*,*,#690,.F.);
#971=ORIENTED_EDGE('',*,*,#716,.T.);
#972=ORIENTED_EDGE('',*,*,#719,.T.);
#973=ORIENTED_EDGE('',*,*,#728,.T.);
#974=ORIENTED_EDGE('',*,*,#695,.F.);
#975=ORIENTED_EDGE('',*,*,#728,.F.);
#976=ORIENTED_EDGE('',*,*,#718,.F.);
#977=ORIENTED_EDGE('',*,*,#729,.F.);
#978=ORIENTED_EDGE('',*,*,#696,.F.);
#979=ORIENTED_EDGE('',*,*,#729,.T.);
#980=ORIENTED_EDGE('',*,*,#717,.T.);
#981=ORIENTED_EDGE('',*,*,#705,.T.);
#982=ORIENTED_EDGE('',*,*,#638,.T.);
#983=ORIENTED_EDGE('',*,*,#730,.F.);
#984=ORIENTED_EDGE('',*,*,#731,.T.);
#985=ORIENTED_EDGE('',*,*,#651,.F.);
#986=ORIENTED_EDGE('',*,*,#725,.T.);
#987=ORIENTED_EDGE('',*,*,#732,.T.);
#988=ORIENTED_EDGE('',*,*,#730,.T.);
#989=ORIENTED_EDGE('',*,*,#641,.T.);
#990=ORIENTED_EDGE('',*,*,#733,.T.);
#991=ORIENTED_EDGE('',*,*,#622,.T.);
#992=ORIENTED_EDGE('',*,*,#734,.F.);
#993=ORIENTED_EDGE('',*,*,#735,.T.);
#994=ORIENTED_EDGE('',*,*,#635,.F.);
#995=ORIENTED_EDGE('',*,*,#723,.T.);
#996=ORIENTED_EDGE('',*,*,#736,.T.);
#997=ORIENTED_EDGE('',*,*,#633,.T.);
#998=ORIENTED_EDGE('',*,*,#637,.T.);
#999=ORIENTED_EDGE('',*,*,#737,.T.);
#1000=ORIENTED_EDGE('',*,*,#606,.T.);
#1001=ORIENTED_EDGE('',*,*,#738,.F.);
#1002=ORIENTED_EDGE('',*,*,#739,.T.);
#1003=ORIENTED_EDGE('',*,*,#619,.F.);
#1004=ORIENTED_EDGE('',*,*,#727,.T.);
#1005=ORIENTED_EDGE('',*,*,#740,.T.);
#1006=ORIENTED_EDGE('',*,*,#738,.T.);
#1007=ORIENTED_EDGE('',*,*,#609,.T.);
#1008=ORIENTED_EDGE('',*,*,#741,.T.);
#1009=ORIENTED_EDGE('',*,*,#617,.T.);
#1010=ORIENTED_EDGE('',*,*,#621,.T.);
#1011=ORIENTED_EDGE('',*,*,#742,.T.);
#1012=ORIENTED_EDGE('',*,*,#643,.T.);
#1013=ORIENTED_EDGE('',*,*,#647,.T.);
#1014=ORIENTED_EDGE('',*,*,#743,.T.);
#1015=ORIENTED_EDGE('',*,*,#590,.T.);
#1016=ORIENTED_EDGE('',*,*,#744,.F.);
#1017=ORIENTED_EDGE('',*,*,#745,.T.);
#1018=ORIENTED_EDGE('',*,*,#603,.F.);
#1019=ORIENTED_EDGE('',*,*,#721,.T.);
#1020=ORIENTED_EDGE('',*,*,#746,.T.);
#1021=ORIENTED_EDGE('',*,*,#595,.T.);
#1022=ORIENTED_EDGE('',*,*,#599,.T.);
#1023=ORIENTED_EDGE('',*,*,#747,.T.);
#1024=ORIENTED_EDGE('',*,*,#744,.T.);
#1025=ORIENTED_EDGE('',*,*,#593,.T.);
#1026=ORIENTED_EDGE('',*,*,#748,.T.);
#1027=ORIENTED_EDGE('',*,*,#611,.T.);
#1028=ORIENTED_EDGE('',*,*,#615,.T.);
#1029=ORIENTED_EDGE('',*,*,#749,.T.);
#1030=ORIENTED_EDGE('',*,*,#627,.T.);
#1031=ORIENTED_EDGE('',*,*,#631,.T.);
#1032=ORIENTED_EDGE('',*,*,#750,.T.);
#1033=ORIENTED_EDGE('',*,*,#601,.T.);
#1034=ORIENTED_EDGE('',*,*,#605,.T.);
#1035=ORIENTED_EDGE('',*,*,#751,.T.);
#1036=ORIENTED_EDGE('',*,*,#649,.T.);
#1037=ORIENTED_EDGE('',*,*,#653,.T.);
#1038=ORIENTED_EDGE('',*,*,#752,.T.);
#1039=ORIENTED_EDGE('',*,*,#734,.T.);
#1040=ORIENTED_EDGE('',*,*,#625,.T.);
#1041=ORIENTED_EDGE('',*,*,#753,.T.);
#1042=ORIENTED_EDGE('',*,*,#733,.F.);
#1043=ORIENTED_EDGE('',*,*,#640,.F.);
#1044=ORIENTED_EDGE('',*,*,#644,.F.);
#1045=ORIENTED_EDGE('',*,*,#742,.F.);
#1046=ORIENTED_EDGE('',*,*,#620,.F.);
#1047=ORIENTED_EDGE('',*,*,#739,.F.);
#1048=ORIENTED_EDGE('',*,*,#740,.F.);
#1049=ORIENTED_EDGE('',*,*,#726,.F.);
#1050=ORIENTED_EDGE('',*,*,#668,.T.);
#1051=ORIENTED_EDGE('',*,*,#673,.T.);
#1052=ORIENTED_EDGE('',*,*,#741,.F.);
#1053=ORIENTED_EDGE('',*,*,#608,.F.);
#1054=ORIENTED_EDGE('',*,*,#612,.F.);
#1055=ORIENTED_EDGE('',*,*,#748,.F.);
#1056=ORIENTED_EDGE('',*,*,#592,.F.);
#1057=ORIENTED_EDGE('',*,*,#596,.F.);
#1058=ORIENTED_EDGE('',*,*,#746,.F.);
#1059=ORIENTED_EDGE('',*,*,#720,.F.);
#1060=ORIENTED_EDGE('',*,*,#745,.F.);
#1061=ORIENTED_EDGE('',*,*,#749,.F.);
#1062=ORIENTED_EDGE('',*,*,#614,.F.);
#1063=ORIENTED_EDGE('',*,*,#618,.F.);
#1064=ORIENTED_EDGE('',*,*,#743,.F.);
#1065=ORIENTED_EDGE('',*,*,#646,.F.);
#1066=ORIENTED_EDGE('',*,*,#650,.F.);
#1067=ORIENTED_EDGE('',*,*,#753,.F.);
#1068=ORIENTED_EDGE('',*,*,#624,.F.);
#1069=ORIENTED_EDGE('',*,*,#628,.F.);
#1070=ORIENTED_EDGE('',*,*,#751,.F.);
#1071=ORIENTED_EDGE('',*,*,#604,.F.);
#1072=ORIENTED_EDGE('',*,*,#754,.T.);
#1073=ORIENTED_EDGE('',*,*,#755,.F.);
#1074=ORIENTED_EDGE('',*,*,#756,.T.);
#1075=ORIENTED_EDGE('',*,*,#757,.F.);
#1076=ORIENTED_EDGE('',*,*,#758,.T.);
#1077=ORIENTED_EDGE('',*,*,#759,.F.);
#1078=ORIENTED_EDGE('',*,*,#760,.T.);
#1079=ORIENTED_EDGE('',*,*,#761,.F.);
#1080=ORIENTED_EDGE('',*,*,#714,.T.);
#1081=ORIENTED_EDGE('',*,*,#762,.T.);
#1082=ORIENTED_EDGE('',*,*,#755,.T.);
#1083=ORIENTED_EDGE('',*,*,#763,.T.);
#1084=ORIENTED_EDGE('',*,*,#762,.F.);
#1085=ORIENTED_EDGE('',*,*,#713,.F.);
#1086=ORIENTED_EDGE('',*,*,#764,.F.);
#1087=ORIENTED_EDGE('',*,*,#756,.F.);
#1088=ORIENTED_EDGE('',*,*,#712,.T.);
#1089=ORIENTED_EDGE('',*,*,#765,.T.);
#1090=ORIENTED_EDGE('',*,*,#757,.T.);
#1091=ORIENTED_EDGE('',*,*,#764,.T.);
#1092=ORIENTED_EDGE('',*,*,#765,.F.);
#1093=ORIENTED_EDGE('',*,*,#711,.F.);
#1094=ORIENTED_EDGE('',*,*,#766,.F.);
#1095=ORIENTED_EDGE('',*,*,#758,.F.);
#1096=ORIENTED_EDGE('',*,*,#710,.T.);
#1097=ORIENTED_EDGE('',*,*,#767,.T.);
#1098=ORIENTED_EDGE('',*,*,#759,.T.);
#1099=ORIENTED_EDGE('',*,*,#766,.T.);
#1100=ORIENTED_EDGE('',*,*,#767,.F.);
#1101=ORIENTED_EDGE('',*,*,#709,.F.);
#1102=ORIENTED_EDGE('',*,*,#768,.F.);
#1103=ORIENTED_EDGE('',*,*,#760,.F.);
#1104=ORIENTED_EDGE('',*,*,#708,.T.);
#1105=ORIENTED_EDGE('',*,*,#769,.T.);
#1106=ORIENTED_EDGE('',*,*,#761,.T.);
#1107=ORIENTED_EDGE('',*,*,#768,.T.);
#1108=ORIENTED_EDGE('',*,*,#763,.F.);
#1109=ORIENTED_EDGE('',*,*,#754,.F.);
#1110=ORIENTED_EDGE('',*,*,#769,.F.);
#1111=ORIENTED_EDGE('',*,*,#707,.F.);
#1112=ORIENTED_EDGE('',*,*,#732,.F.);
#1113=ORIENTED_EDGE('',*,*,#724,.F.);
#1114=ORIENTED_EDGE('',*,*,#737,.F.);
#1115=ORIENTED_EDGE('',*,*,#636,.F.);
#1116=ORIENTED_EDGE('',*,*,#735,.F.);
#1117=ORIENTED_EDGE('',*,*,#752,.F.);
#1118=ORIENTED_EDGE('',*,*,#652,.F.);
#1119=ORIENTED_EDGE('',*,*,#731,.F.);
#1120=ORIENTED_EDGE('',*,*,#736,.F.);
#1121=ORIENTED_EDGE('',*,*,#722,.F.);
#1122=ORIENTED_EDGE('',*,*,#747,.F.);
#1123=ORIENTED_EDGE('',*,*,#598,.F.);
#1124=ORIENTED_EDGE('',*,*,#602,.F.);
#1125=ORIENTED_EDGE('',*,*,#750,.F.);
#1126=ORIENTED_EDGE('',*,*,#630,.F.);
#1127=ORIENTED_EDGE('',*,*,#634,.F.);
#1128=ORIENTED_EDGE('',*,*,#658,.T.);
#1129=ORIENTED_EDGE('',*,*,#663,.T.);
#1130=B_SPLINE_SURFACE_WITH_KNOTS('',3,3,((#1707,#1708,#1709,#1710,#1711,
#1712),(#1713,#1714,#1715,#1716,#1717,#1718),(#1719,#1720,#1721,#1722,#1723,
#1724),(#1725,#1726,#1727,#1728,#1729,#1730),(#1731,#1732,#1733,#1734,#1735,
#1736),(#1737,#1738,#1739,#1740,#1741,#1742)),.UNSPECIFIED.,.F.,.F.,.F.,
(4,1,1,4),(4,1,1,4),(0.,0.333333333333333,0.666666666666667,1.),(0.,0.333333333333333,
0.666666666666667,1.),.UNSPECIFIED.);
#1131=B_SPLINE_SURFACE_WITH_KNOTS('',3,3,((#1761,#1762,#1763,#1764,#1765,
#1766),(#1767,#1768,#1769,#1770,#1771,#1772),(#1773,#1774,#1775,#1776,#1777,
#1778),(#1779,#1780,#1781,#1782,#1783,#1784),(#1785,#1786,#1787,#1788,#1789,
#1790),(#1791,#1792,#1793,#1794,#1795,#1796)),.UNSPECIFIED.,.F.,.F.,.F.,
(4,1,1,4),(4,1,1,4),(0.,0.333333333333333,0.666666666666667,1.),(0.,0.333333333333333,
0.666666666666667,1.),.UNSPECIFIED.);
#1132=B_SPLINE_SURFACE_WITH_KNOTS('',3,3,((#1807,#1808,#1809,#1810,#1811,
#1812),(#1813,#1814,#1815,#1816,#1817,#1818),(#1819,#1820,#1821,#1822,#1823,
#1824),(#1825,#1826,#1827,#1828,#1829,#1830),(#1831,#1832,#1833,#1834,#1835,
#1836),(#1837,#1838,#1839,#1840,#1841,#1842)),.UNSPECIFIED.,.F.,.F.,.F.,
(4,1,1,4),(4,1,1,4),(0.,0.333333333333333,0.666666666666667,1.),(0.,0.333333333333333,
0.666666666666667,1.),.UNSPECIFIED.);
#1133=B_SPLINE_SURFACE_WITH_KNOTS('',3,3,((#1853,#1854,#1855,#1856,#1857,
#1858),(#1859,#1860,#1861,#1862,#1863,#1864),(#1865,#1866,#1867,#1868,#1869,
#1870),(#1871,#1872,#1873,#1874,#1875,#1876),(#1877,#1878,#1879,#1880,#1881,
#1882),(#1883,#1884,#1885,#1886,#1887,#1888)),.UNSPECIFIED.,.F.,.F.,.F.,
(4,1,1,4),(4,1,1,4),(0.,0.333333333333333,0.666666666666667,1.),(0.,0.333333333333333,
0.666666666666667,1.),.UNSPECIFIED.);
#1134=B_SPLINE_SURFACE_WITH_KNOTS('',3,3,((#1899,#1900,#1901,#1902,#1903,
#1904),(#1905,#1906,#1907,#1908,#1909,#1910),(#1911,#1912,#1913,#1914,#1915,
#1916),(#1917,#1918,#1919,#1920,#1921,#1922),(#1923,#1924,#1925,#1926,#1927,
#1928),(#1929,#1930,#1931,#1932,#1933,#1934)),.UNSPECIFIED.,.F.,.F.,.F.,
(4,1,1,4),(4,1,1,4),(0.,0.333333333333333,0.666666666666667,1.),(0.,0.333333333333333,
0.666666666666667,1.),.UNSPECIFIED.);
#1135=B_SPLINE_SURFACE_WITH_KNOTS('',3,3,((#1945,#1946,#1947,#1948,#1949,
#1950),(#1951,#1952,#1953,#1954,#1955,#1956),(#1957,#1958,#1959,#1960,#1961,
#1962),(#1963,#1964,#1965,#1966,#1967,#1968),(#1969,#1970,#1971,#1972,#1973,
#1974),(#1975,#1976,#1977,#1978,#1979,#1980)),.UNSPECIFIED.,.F.,.F.,.F.,
(4,1,1,4),(4,1,1,4),(0.,0.333333333333333,0.666666666666667,1.),(0.,0.333333333333333,
0.666666666666667,1.),.UNSPECIFIED.);
#1136=B_SPLINE_SURFACE_WITH_KNOTS('',3,3,((#1999,#2000,#2001,#2002,#2003,
#2004),(#2005,#2006,#2007,#2008,#2009,#2010),(#2011,#2012,#2013,#2014,#2015,
#2016),(#2017,#2018,#2019,#2020,#2021,#2022),(#2023,#2024,#2025,#2026,#2027,
#2028),(#2029,#2030,#2031,#2032,#2033,#2034)),.UNSPECIFIED.,.F.,.F.,.F.,
(4,1,1,4),(4,1,1,4),(0.,0.333333333333333,0.666666666666667,1.),(0.,0.333333333333333,
0.666666666666667,1.),.UNSPECIFIED.);
#1137=B_SPLINE_SURFACE_WITH_KNOTS('',3,3,((#2045,#2046,#2047,#2048,#2049,
#2050),(#2051,#2052,#2053,#2054,#2055,#2056),(#2057,#2058,#2059,#2060,#2061,
#2062),(#2063,#2064,#2065,#2066,#2067,#2068),(#2069,#2070,#2071,#2072,#2073,
#2074),(#2075,#2076,#2077,#2078,#2079,#2080)),.UNSPECIFIED.,.F.,.F.,.F.,
(4,1,1,4),(4,1,1,4),(0.,0.333333333333333,0.666666666666667,1.),(0.,0.333333333333333,
0.666666666666667,1.),.UNSPECIFIED.);
#1138=B_SPLINE_SURFACE_WITH_KNOTS('',3,3,((#2091,#2092,#2093,#2094,#2095,
#2096),(#2097,#2098,#2099,#2100,#2101,#2102),(#2103,#2104,#2105,#2106,#2107,
#2108),(#2109,#2110,#2111,#2112,#2113,#2114),(#2115,#2116,#2117,#2118,#2119,
#2120),(#2121,#2122,#2123,#2124,#2125,#2126)),.UNSPECIFIED.,.F.,.F.,.F.,
(4,1,1,4),(4,1,1,4),(0.,0.333333333333333,0.666666666666667,1.),(0.,0.333333333333333,
0.666666666666667,1.),.UNSPECIFIED.);
#1139=B_SPLINE_SURFACE_WITH_KNOTS('',3,3,((#2137,#2138,#2139,#2140,#2141,
#2142),(#2143,#2144,#2145,#2146,#2147,#2148),(#2149,#2150,#2151,#2152,#2153,
#2154),(#2155,#2156,#2157,#2158,#2159,#2160),(#2161,#2162,#2163,#2164,#2165,
#2166),(#2167,#2168,#2169,#2170,#2171,#2172)),.UNSPECIFIED.,.F.,.F.,.F.,
(4,1,1,4),(4,1,1,4),(0.,0.333333333333333,0.666666666666667,1.),(0.,0.333333333333333,
0.666666666666667,1.),.UNSPECIFIED.);
#1140=B_SPLINE_SURFACE_WITH_KNOTS('',3,3,((#2183,#2184,#2185,#2186,#2187,
#2188),(#2189,#2190,#2191,#2192,#2193,#2194),(#2195,#2196,#2197,#2198,#2199,
#2200),(#2201,#2202,#2203,#2204,#2205,#2206),(#2207,#2208,#2209,#2210,#2211,
#2212),(#2213,#2214,#2215,#2216,#2217,#2218)),.UNSPECIFIED.,.F.,.F.,.F.,
(4,1,1,4),(4,1,1,4),(0.,0.333333333333333,0.666666666666667,1.),(0.,0.333333333333333,
0.666666666666667,1.),.UNSPECIFIED.);
#1141=B_SPLINE_SURFACE_WITH_KNOTS('',3,3,((#2237,#2238,#2239,#2240,#2241,
#2242),(#2243,#2244,#2245,#2246,#2247,#2248),(#2249,#2250,#2251,#2252,#2253,
#2254),(#2255,#2256,#2257,#2258,#2259,#2260),(#2261,#2262,#2263,#2264,#2265,
#2266),(#2267,#2268,#2269,#2270,#2271,#2272)),.UNSPECIFIED.,.F.,.F.,.F.,
(4,1,1,4),(4,1,1,4),(0.,0.333333333333333,0.666666666666667,1.),(0.,0.333333333333333,
0.666666666666667,1.),.UNSPECIFIED.);
#1142=B_SPLINE_SURFACE_WITH_KNOTS('',3,3,((#2283,#2284,#2285,#2286,#2287,
#2288),(#2289,#2290,#2291,#2292,#2293,#2294),(#2295,#2296,#2297,#2298,#2299,
#2300),(#2301,#2302,#2303,#2304,#2305,#2306),(#2307,#2308,#2309,#2310,#2311,
#2312),(#2313,#2314,#2315,#2316,#2317,#2318)),.UNSPECIFIED.,.F.,.F.,.F.,
(4,1,1,4),(4,1,1,4),(0.,0.333333333333333,0.666666666666667,1.),(0.,0.333333333333333,
0.666666666666667,1.),.UNSPECIFIED.);
#1143=B_SPLINE_SURFACE_WITH_KNOTS('',3,3,((#2329,#2330,#2331,#2332,#2333,
#2334),(#2335,#2336,#2337,#2338,#2339,#2340),(#2341,#2342,#2343,#2344,#2345,
#2346),(#2347,#2348,#2349,#2350,#2351,#2352),(#2353,#2354,#2355,#2356,#2357,
#2358),(#2359,#2360,#2361,#2362,#2363,#2364)),.UNSPECIFIED.,.F.,.F.,.F.,
(4,1,1,4),(4,1,1,4),(0.,0.333333333333333,0.666666666666667,1.),(0.,0.333333333333333,
0.666666666666667,1.),.UNSPECIFIED.);
#1144=B_SPLINE_SURFACE_WITH_KNOTS('',3,3,((#2375,#2376,#2377,#2378,#2379,
#2380),(#2381,#2382,#2383,#2384,#2385,#2386),(#2387,#2388,#2389,#2390,#2391,
#2392),(#2393,#2394,#2395,#2396,#2397,#2398),(#2399,#2400,#2401,#2402,#2403,
#2404),(#2405,#2406,#2407,#2408,#2409,#2410)),.UNSPECIFIED.,.F.,.F.,.F.,
(4,1,1,4),(4,1,1,4),(0.,0.333333333333333,0.666666666666667,1.),(0.,0.333333333333333,
0.666666666666667,1.),.UNSPECIFIED.);
#1145=B_SPLINE_SURFACE_WITH_KNOTS('',3,3,((#2421,#2422,#2423,#2424,#2425,
#2426),(#2427,#2428,#2429,#2430,#2431,#2432),(#2433,#2434,#2435,#2436,#2437,
#2438),(#2439,#2440,#2441,#2442,#2443,#2444),(#2445,#2446,#2447,#2448,#2449,
#2450),(#2451,#2452,#2453,#2454,#2455,#2456)),.UNSPECIFIED.,.F.,.F.,.F.,
(4,1,1,4),(4,1,1,4),(0.,0.333333333333333,0.666666666666667,1.),(0.,0.333333333333333,
0.666666666666667,1.),.UNSPECIFIED.);
#1146=B_SPLINE_SURFACE_WITH_KNOTS('',3,3,((#2475,#2476,#2477,#2478,#2479,
#2480),(#2481,#2482,#2483,#2484,#2485,#2486),(#2487,#2488,#2489,#2490,#2491,
#2492),(#2493,#2494,#2495,#2496,#2497,#2498),(#2499,#2500,#2501,#2502,#2503,
#2504),(#2505,#2506,#2507,#2508,#2509,#2510)),.UNSPECIFIED.,.F.,.F.,.F.,
(4,1,1,4),(4,1,1,4),(0.,0.333333333333333,0.666666666666667,1.),(0.,0.333333333333333,
0.666666666666667,1.),.UNSPECIFIED.);
#1147=B_SPLINE_SURFACE_WITH_KNOTS('',3,3,((#2521,#2522,#2523,#2524,#2525,
#2526),(#2527,#2528,#2529,#2530,#2531,#2532),(#2533,#2534,#2535,#2536,#2537,
#2538),(#2539,#2540,#2541,#2542,#2543,#2544),(#2545,#2546,#2547,#2548,#2549,
#2550),(#2551,#2552,#2553,#2554,#2555,#2556)),.UNSPECIFIED.,.F.,.F.,.F.,
(4,1,1,4),(4,1,1,4),(0.,0.333333333333333,0.666666666666667,1.),(0.,0.333333333333333,
0.666666666666667,1.),.UNSPECIFIED.);
#1148=B_SPLINE_SURFACE_WITH_KNOTS('',3,3,((#2567,#2568,#2569,#2570,#2571,
#2572),(#2573,#2574,#2575,#2576,#2577,#2578),(#2579,#2580,#2581,#2582,#2583,
#2584),(#2585,#2586,#2587,#2588,#2589,#2590),(#2591,#2592,#2593,#2594,#2595,
#2596),(#2597,#2598,#2599,#2600,#2601,#2602)),.UNSPECIFIED.,.F.,.F.,.F.,
(4,1,1,4),(4,1,1,4),(0.,0.333333333333333,0.666666666666667,1.),(0.,0.333333333333333,
0.666666666666667,1.),.UNSPECIFIED.);
#1149=B_SPLINE_SURFACE_WITH_KNOTS('',3,3,((#2613,#2614,#2615,#2616,#2617,
#2618),(#2619,#2620,#2621,#2622,#2623,#2624),(#2625,#2626,#2627,#2628,#2629,
#2630),(#2631,#2632,#2633,#2634,#2635,#2636),(#2637,#2638,#2639,#2640,#2641,
#2642),(#2643,#2644,#2645,#2646,#2647,#2648)),.UNSPECIFIED.,.F.,.F.,.F.,
(4,1,1,4),(4,1,1,4),(0.,0.333333333333333,0.666666666666667,1.),(0.,0.333333333333333,
0.666666666666667,1.),.UNSPECIFIED.);
#1150=B_SPLINE_SURFACE_WITH_KNOTS('',3,3,((#2813,#2814,#2815,#2816,#2817,
#2818),(#2819,#2820,#2821,#2822,#2823,#2824),(#2825,#2826,#2827,#2828,#2829,
#2830),(#2831,#2832,#2833,#2834,#2835,#2836),(#2837,#2838,#2839,#2840,#2841,
#2842),(#2843,#2844,#2845,#2846,#2847,#2848)),.UNSPECIFIED.,.F.,.F.,.F.,
(4,1,1,4),(4,1,1,4),(0.,0.333333333333333,0.666666666666667,1.),(0.,0.333333333333333,
0.666666666666667,1.),.UNSPECIFIED.);
#1151=B_SPLINE_SURFACE_WITH_KNOTS('',3,3,((#2855,#2856,#2857,#2858,#2859,
#2860),(#2861,#2862,#2863,#2864,#2865,#2866),(#2867,#2868,#2869,#2870,#2871,
#2872),(#2873,#2874,#2875,#2876,#2877,#2878),(#2879,#2880,#2881,#2882,#2883,
#2884),(#2885,#2886,#2887,#2888,#2889,#2890)),.UNSPECIFIED.,.F.,.F.,.F.,
(4,1,1,4),(4,1,1,4),(0.,0.333333333333333,0.666666666666667,1.),(0.,0.333333333333333,
0.666666666666667,1.),.UNSPECIFIED.);
#1152=B_SPLINE_SURFACE_WITH_KNOTS('',3,3,((#2897,#2898,#2899,#2900,#2901,
#2902),(#2903,#2904,#2905,#2906,#2907,#2908),(#2909,#2910,#2911,#2912,#2913,
#2914),(#2915,#2916,#2917,#2918,#2919,#2920),(#2921,#2922,#2923,#2924,#2925,
#2926),(#2927,#2928,#2929,#2930,#2931,#2932)),.UNSPECIFIED.,.F.,.F.,.F.,
(4,1,1,4),(4,1,1,4),(0.,0.333333333333333,0.666666666666667,1.),(0.,0.333333333333333,
0.666666666666667,1.),.UNSPECIFIED.);
#1153=B_SPLINE_SURFACE_WITH_KNOTS('',3,3,((#2942,#2943,#2944,#2945,#2946,
#2947),(#2948,#2949,#2950,#2951,#2952,#2953),(#2954,#2955,#2956,#2957,#2958,
#2959),(#2960,#2961,#2962,#2963,#2964,#2965),(#2966,#2967,#2968,#2969,#2970,
#2971),(#2972,#2973,#2974,#2975,#2976,#2977)),.UNSPECIFIED.,.F.,.F.,.F.,
(4,1,1,4),(4,1,1,4),(0.,0.333333333333333,0.666666666666667,1.),(0.,0.333333333333333,
0.666666666666667,1.),.UNSPECIFIED.);
#1154=ADVANCED_FACE('',(#217),#1130,.T.);
#1155=ADVANCED_FACE('',(#218),#1131,.T.);
#1156=ADVANCED_FACE('',(#219),#1132,.T.);
#1157=ADVANCED_FACE('',(#220),#1133,.T.);
#1158=ADVANCED_FACE('',(#221),#1134,.T.);
#1159=ADVANCED_FACE('',(#222),#1135,.T.);
#1160=ADVANCED_FACE('',(#223),#1136,.T.);
#1161=ADVANCED_FACE('',(#224),#1137,.T.);
#1162=ADVANCED_FACE('',(#225),#1138,.T.);
#1163=ADVANCED_FACE('',(#226),#1139,.T.);
#1164=ADVANCED_FACE('',(#227),#1140,.T.);
#1165=ADVANCED_FACE('',(#228),#1141,.T.);
#1166=ADVANCED_FACE('',(#229),#1142,.T.);
#1167=ADVANCED_FACE('',(#230),#1143,.T.);
#1168=ADVANCED_FACE('',(#231),#1144,.T.);
#1169=ADVANCED_FACE('',(#232),#1145,.T.);
#1170=ADVANCED_FACE('',(#233),#1146,.T.);
#1171=ADVANCED_FACE('',(#234),#1147,.T.);
#1172=ADVANCED_FACE('',(#235),#1148,.T.);
#1173=ADVANCED_FACE('',(#236),#1149,.T.);
#1174=ADVANCED_FACE('',(#237),#209,.F.);
#1175=ADVANCED_FACE('',(#238),#45,.F.);
#1176=ADVANCED_FACE('',(#239),#210,.F.);
#1177=ADVANCED_FACE('',(#240),#46,.F.);
#1178=ADVANCED_FACE('',(#241),#211,.F.);
#1179=ADVANCED_FACE('',(#242),#47,.F.);
#1180=ADVANCED_FACE('',(#243),#212,.F.);
#1181=ADVANCED_FACE('',(#244),#48,.F.);
#1182=ADVANCED_FACE('',(#245),#26,.T.);
#1183=ADVANCED_FACE('',(#246),#213,.T.);
#1184=ADVANCED_FACE('',(#247),#27,.T.);
#1185=ADVANCED_FACE('',(#248),#214,.T.);
#1186=ADVANCED_FACE('',(#249),#28,.T.);
#1187=ADVANCED_FACE('',(#250),#215,.T.);
#1188=ADVANCED_FACE('',(#251),#29,.T.);
#1189=ADVANCED_FACE('',(#252),#216,.T.);
#1190=ADVANCED_FACE('',(#253),#49,.T.);
#1191=ADVANCED_FACE('',(#254),#30,.T.);
#1192=ADVANCED_FACE('',(#255),#50,.T.);
#1193=ADVANCED_FACE('',(#256,#15,#16),#31,.T.);
#1194=ADVANCED_FACE('',(#257,#17),#32,.T.);
#1195=ADVANCED_FACE('',(#258,#18,#19),#33,.T.);
#1196=ADVANCED_FACE('',(#259,#20),#34,.T.);
#1197=ADVANCED_FACE('',(#260),#51,.T.);
#1198=ADVANCED_FACE('',(#261),#35,.T.);
#1199=ADVANCED_FACE('',(#262),#52,.T.);
#1200=ADVANCED_FACE('',(#263),#1150,.T.);
#1201=ADVANCED_FACE('',(#264),#53,.F.);
#1202=ADVANCED_FACE('',(#265),#1151,.T.);
#1203=ADVANCED_FACE('',(#266),#54,.F.);
#1204=ADVANCED_FACE('',(#267),#1152,.T.);
#1205=ADVANCED_FACE('',(#268),#55,.F.);
#1206=ADVANCED_FACE('',(#269),#56,.F.);
#1207=ADVANCED_FACE('',(#270),#1153,.T.);
#1208=ADVANCED_FACE('',(#271),#57,.F.);
#1209=ADVANCED_FACE('',(#272),#58,.F.);
#1210=ADVANCED_FACE('',(#273),#59,.F.);
#1211=ADVANCED_FACE('',(#274),#60,.F.);
#1212=ADVANCED_FACE('',(#275,#21,#22),#36,.F.);
#1213=ADVANCED_FACE('',(#276),#37,.F.);
#1214=ADVANCED_FACE('',(#277,#23),#38,.F.);
#1215=ADVANCED_FACE('',(#278),#61,.F.);
#1216=ADVANCED_FACE('',(#279),#39,.F.);
#1217=ADVANCED_FACE('',(#280),#62,.F.);
#1218=ADVANCED_FACE('',(#281),#40,.F.);
#1219=ADVANCED_FACE('',(#282),#63,.F.);
#1220=ADVANCED_FACE('',(#283),#41,.F.);
#1221=ADVANCED_FACE('',(#284),#64,.F.);
#1222=ADVANCED_FACE('',(#285),#42,.F.);
#1223=ADVANCED_FACE('',(#286),#43,.F.);
#1224=ADVANCED_FACE('',(#287,#24,#25),#44,.F.);
#1225=CLOSED_SHELL('',(#1154,#1155,#1156,#1157,#1158,#1159,#1160,#1161,
#1162,#1163,#1164,#1165,#1166,#1167,#1168,#1169,#1170,#1171,#1172,#1173,
#1174,#1175,#1176,#1177,#1178,#1179,#1180,#1181,#1182,#1183,#1184,#1185,
#1186,#1187,#1188,#1189,#1190,#1191,#1192,#1193,#1194,#1195,#1196,#1197,
#1198,#1199,#1200,#1201,#1202,#1203,#1204,#1205,#1206,#1207,#1208,#1209,
#1210,#1211,#1212,#1213,#1214,#1215,#1216,#1217,#1218,#1219,#1220,#1221,
#1222,#1223,#1224));
#1226=DERIVED_UNIT_ELEMENT(#1228,1.);
#1227=DERIVED_UNIT_ELEMENT(#3035,-3.);
#1228=(
MASS_UNIT()
NAMED_UNIT(*)
SI_UNIT(.KILO.,.GRAM.)
);
#1229=DERIVED_UNIT((#1226,#1227));
#1230=MEASURE_REPRESENTATION_ITEM('density measure',
POSITIVE_RATIO_MEASURE(1060.),#1229);
#1231=PROPERTY_DEFINITION_REPRESENTATION(#1236,#1233);
#1232=PROPERTY_DEFINITION_REPRESENTATION(#1237,#1234);
#1233=REPRESENTATION('material name',(#1235),#3032);
#1234=REPRESENTATION('density',(#1230),#3032);
#1235=DESCRIPTIVE_REPRESENTATION_ITEM('ABS \X2\D50CB77CC2A4D2F1\X0\',
'ABS \X2\D50CB77CC2A4D2F1\X0\');
#1236=PROPERTY_DEFINITION('material property','material name',#3042);
#1237=PROPERTY_DEFINITION('material property','density of part',#3042);
#1238=AXIS2_PLACEMENT_3D('',#1706,#1370,#1371);
#1239=AXIS2_PLACEMENT_3D('',#1759,#1372,#1373);
#1240=AXIS2_PLACEMENT_3D('',#1760,#1374,#1375);
#1241=AXIS2_PLACEMENT_3D('',#1805,#1376,#1377);
#1242=AXIS2_PLACEMENT_3D('',#1806,#1378,#1379);
#1243=AXIS2_PLACEMENT_3D('',#1851,#1380,#1381);
#1244=AXIS2_PLACEMENT_3D('',#1852,#1382,#1383);
#1245=AXIS2_PLACEMENT_3D('',#1897,#1384,#1385);
#1246=AXIS2_PLACEMENT_3D('',#1898,#1386,#1387);
#1247=AXIS2_PLACEMENT_3D('',#1943,#1388,#1389);
#1248=AXIS2_PLACEMENT_3D('',#1944,#1390,#1391);
#1249=AXIS2_PLACEMENT_3D('',#1997,#1392,#1393);
#1250=AXIS2_PLACEMENT_3D('',#1998,#1394,#1395);
#1251=AXIS2_PLACEMENT_3D('',#2043,#1396,#1397);
#1252=AXIS2_PLACEMENT_3D('',#2044,#1398,#1399);
#1253=AXIS2_PLACEMENT_3D('',#2089,#1400,#1401);
#1254=AXIS2_PLACEMENT_3D('',#2090,#1402,#1403);
#1255=AXIS2_PLACEMENT_3D('',#2135,#1404,#1405);
#1256=AXIS2_PLACEMENT_3D('',#2136,#1406,#1407);
#1257=AXIS2_PLACEMENT_3D('',#2181,#1408,#1409);
#1258=AXIS2_PLACEMENT_3D('',#2182,#1410,#1411);
#1259=AXIS2_PLACEMENT_3D('',#2235,#1412,#1413);
#1260=AXIS2_PLACEMENT_3D('',#2236,#1414,#1415);
#1261=AXIS2_PLACEMENT_3D('',#2281,#1416,#1417);
#1262=AXIS2_PLACEMENT_3D('',#2282,#1418,#1419);
#1263=AXIS2_PLACEMENT_3D('',#2327,#1420,#1421);
#1264=AXIS2_PLACEMENT_3D('',#2328,#1422,#1423);
#1265=AXIS2_PLACEMENT_3D('',#2373,#1424,#1425);
#1266=AXIS2_PLACEMENT_3D('',#2374,#1426,#1427);
#1267=AXIS2_PLACEMENT_3D('',#2419,#1428,#1429);
#1268=AXIS2_PLACEMENT_3D('',#2420,#1430,#1431);
#1269=AXIS2_PLACEMENT_3D('',#2473,#1432,#1433);
#1270=AXIS2_PLACEMENT_3D('',#2474,#1434,#1435);
#1271=AXIS2_PLACEMENT_3D('',#2519,#1436,#1437);
#1272=AXIS2_PLACEMENT_3D('',#2520,#1438,#1439);
#1273=AXIS2_PLACEMENT_3D('',#2565,#1440,#1441);
#1274=AXIS2_PLACEMENT_3D('',#2566,#1442,#1443);
#1275=AXIS2_PLACEMENT_3D('',#2611,#1444,#1445);
#1276=AXIS2_PLACEMENT_3D('',#2612,#1446,#1447);
#1277=AXIS2_PLACEMENT_3D('',#2657,#1448,#1449);
#1278=AXIS2_PLACEMENT_3D('',#2658,#1450,#1451);
#1279=AXIS2_PLACEMENT_3D('',#2659,#1452,#1453);
#1280=AXIS2_PLACEMENT_3D('',#2661,#1454,#1455);
#1281=AXIS2_PLACEMENT_3D('',#2664,#1457,#1458);
#1282=AXIS2_PLACEMENT_3D('',#2665,#1459,#1460);
#1283=AXIS2_PLACEMENT_3D('',#2668,#1462,#1463);
#1284=AXIS2_PLACEMENT_3D('',#2669,#1464,#1465);
#1285=AXIS2_PLACEMENT_3D('',#2671,#1466,#1467);
#1286=AXIS2_PLACEMENT_3D('',#2674,#1469,#1470);
#1287=AXIS2_PLACEMENT_3D('',#2675,#1471,#1472);
#1288=AXIS2_PLACEMENT_3D('',#2678,#1474,#1475);
#1289=AXIS2_PLACEMENT_3D('',#2679,#1476,#1477);
#1290=AXIS2_PLACEMENT_3D('',#2681,#1478,#1479);
#1291=AXIS2_PLACEMENT_3D('',#2684,#1481,#1482);
#1292=AXIS2_PLACEMENT_3D('',#2685,#1483,#1484);
#1293=AXIS2_PLACEMENT_3D('',#2688,#1486,#1487);
#1294=AXIS2_PLACEMENT_3D('',#2689,#1488,#1489);
#1295=AXIS2_PLACEMENT_3D('',#2691,#1490,#1491);
#1296=AXIS2_PLACEMENT_3D('',#2694,#1493,#1494);
#1297=AXIS2_PLACEMENT_3D('',#2695,#1495,#1496);
#1298=AXIS2_PLACEMENT_3D('',#2698,#1498,#1499);
#1299=AXIS2_PLACEMENT_3D('',#2699,#1500,#1501);
#1300=AXIS2_PLACEMENT_3D('',#2708,#1506,#1507);
#1301=AXIS2_PLACEMENT_3D('',#2710,#1508,#1509);
#1302=AXIS2_PLACEMENT_3D('',#2713,#1511,#1512);
#1303=AXIS2_PLACEMENT_3D('',#2714,#1513,#1514);
#1304=AXIS2_PLACEMENT_3D('',#2720,#1518,#1519);
#1305=AXIS2_PLACEMENT_3D('',#2722,#1520,#1521);
#1306=AXIS2_PLACEMENT_3D('',#2725,#1523,#1524);
#1307=AXIS2_PLACEMENT_3D('',#2726,#1525,#1526);
#1308=AXIS2_PLACEMENT_3D('',#2732,#1530,#1531);
#1309=AXIS2_PLACEMENT_3D('',#2734,#1532,#1533);
#1310=AXIS2_PLACEMENT_3D('',#2737,#1535,#1536);
#1311=AXIS2_PLACEMENT_3D('',#2738,#1537,#1538);
#1312=AXIS2_PLACEMENT_3D('',#2744,#1542,#1543);
#1313=AXIS2_PLACEMENT_3D('',#2745,#1544,#1545);
#1314=AXIS2_PLACEMENT_3D('',#2746,#1546,#1547);
#1315=AXIS2_PLACEMENT_3D('',#2747,#1548,#1549);
#1316=AXIS2_PLACEMENT_3D('',#2751,#1551,#1552);
#1317=AXIS2_PLACEMENT_3D('',#2753,#1554,#1555);
#1318=AXIS2_PLACEMENT_3D('',#2757,#1558,#1559);
#1319=AXIS2_PLACEMENT_3D('',#2760,#1561,#1562);
#1320=AXIS2_PLACEMENT_3D('',#2761,#1563,#1564);
#1321=AXIS2_PLACEMENT_3D('',#2765,#1567,#1568);
#1322=AXIS2_PLACEMENT_3D('',#2770,#1570,#1571);
#1323=AXIS2_PLACEMENT_3D('',#2774,#1573,#1574);
#1324=AXIS2_PLACEMENT_3D('',#2778,#1576,#1577);
#1325=AXIS2_PLACEMENT_3D('',#2781,#1579,#1580);
#1326=AXIS2_PLACEMENT_3D('',#2782,#1581,#1582);
#1327=AXIS2_PLACEMENT_3D('',#2786,#1585,#1586);
#1328=AXIS2_PLACEMENT_3D('',#2788,#1587,#1588);
#1329=AXIS2_PLACEMENT_3D('',#2791,#1590,#1591);
#1330=AXIS2_PLACEMENT_3D('',#2796,#1593,#1594);
#1331=AXIS2_PLACEMENT_3D('',#2800,#1596,#1597);
#1332=AXIS2_PLACEMENT_3D('',#2804,#1599,#1600);
#1333=AXIS2_PLACEMENT_3D('',#2807,#1602,#1603);
#1334=AXIS2_PLACEMENT_3D('',#2808,#1604,#1605);
#1335=AXIS2_PLACEMENT_3D('',#2810,#1607,#1608);
#1336=AXIS2_PLACEMENT_3D('',#2812,#1610,#1611);
#1337=AXIS2_PLACEMENT_3D('',#2850,#1612,#1613);
#1338=AXIS2_PLACEMENT_3D('',#2851,#1614,#1615);
#1339=AXIS2_PLACEMENT_3D('',#2852,#1616,#1617);
#1340=AXIS2_PLACEMENT_3D('',#2892,#1620,#1621);
#1341=AXIS2_PLACEMENT_3D('',#2893,#1622,#1623);
#1342=AXIS2_PLACEMENT_3D('',#2894,#1624,#1625);
#1343=AXIS2_PLACEMENT_3D('',#2934,#1628,#1629);
#1344=AXIS2_PLACEMENT_3D('',#2935,#1630,#1631);
#1345=AXIS2_PLACEMENT_3D('',#2936,#1632,#1633);
#1346=AXIS2_PLACEMENT_3D('',#2939,#1636,#1637);
#1347=AXIS2_PLACEMENT_3D('',#2979,#1640,#1641);
#1348=AXIS2_PLACEMENT_3D('',#2980,#1642,#1643);
#1349=AXIS2_PLACEMENT_3D('',#2981,#1644,#1645);
#1350=AXIS2_PLACEMENT_3D('',#2984,#1648,#1649);
#1351=AXIS2_PLACEMENT_3D('',#2987,#1652,#1653);
#1352=AXIS2_PLACEMENT_3D('',#2990,#1656,#1657);
#1353=AXIS2_PLACEMENT_3D('',#2993,#1660,#1661);
#1354=AXIS2_PLACEMENT_3D('',#2994,#1662,#1663);
#1355=AXIS2_PLACEMENT_3D('',#2995,#1664,#1665);
#1356=AXIS2_PLACEMENT_3D('',#3000,#1667,#1668);
#1357=AXIS2_PLACEMENT_3D('',#3004,#1670,#1671);
#1358=AXIS2_PLACEMENT_3D('',#3008,#1673,#1674);
#1359=AXIS2_PLACEMENT_3D('',#3011,#1676,#1677);
#1360=AXIS2_PLACEMENT_3D('',#3012,#1678,#1679);
#1361=AXIS2_PLACEMENT_3D('',#3015,#1682,#1683);
#1362=AXIS2_PLACEMENT_3D('',#3017,#1685,#1686);
#1363=AXIS2_PLACEMENT_3D('',#3019,#1688,#1689);
#1364=AXIS2_PLACEMENT_3D('',#3021,#1691,#1692);
#1365=AXIS2_PLACEMENT_3D('',#3023,#1694,#1695);
#1366=AXIS2_PLACEMENT_3D('',#3025,#1697,#1698);
#1367=AXIS2_PLACEMENT_3D('',#3027,#1700,#1701);
#1368=AXIS2_PLACEMENT_3D('',#3028,#1702,#1703);
#1369=AXIS2_PLACEMENT_3D('',#3029,#1704,#1705);
#1370=DIRECTION('axis',(0.,0.,1.));
#1371=DIRECTION('refdir',(1.,0.,0.));
#1372=DIRECTION('center_axis',(0.,-1.,0.));
#1373=DIRECTION('ref_axis',(-0.707106781186548,0.,-0.707106781186548));
#1374=DIRECTION('center_axis',(-1.,0.,0.));
#1375=DIRECTION('ref_axis',(0.,0.,-1.));
#1376=DIRECTION('center_axis',(0.,0.,-1.));
#1377=DIRECTION('ref_axis',(0.,-1.,0.));
#1378=DIRECTION('center_axis',(0.,-1.,0.));
#1379=DIRECTION('ref_axis',(-0.707106781186548,0.,-0.707106781186548));
#1380=DIRECTION('center_axis',(-1.,0.,0.));
#1381=DIRECTION('ref_axis',(0.,-0.70710678118654,-0.707106781186555));
#1382=DIRECTION('center_axis',(0.,0.,-1.));
#1383=DIRECTION('ref_axis',(0.,-1.,0.));
#1384=DIRECTION('center_axis',(0.,-1.,0.));
#1385=DIRECTION('ref_axis',(-1.,0.,0.));
#1386=DIRECTION('center_axis',(-1.,0.,0.));
#1387=DIRECTION('ref_axis',(0.,-0.70710678118654,-0.707106781186555));
#1388=DIRECTION('center_axis',(0.,0.,-1.));
#1389=DIRECTION('ref_axis',(-0.707106781186548,-0.707106781186548,0.));
#1390=DIRECTION('center_axis',(0.,-1.,0.));
#1391=DIRECTION('ref_axis',(-1.,0.,0.));
#1392=DIRECTION('center_axis',(0.,-1.,0.));
#1393=DIRECTION('ref_axis',(0.707106781186642,0.,-0.707106781186453));
#1394=DIRECTION('center_axis',(0.,0.,-1.));
#1395=DIRECTION('ref_axis',(1.,0.,0.));
#1396=DIRECTION('center_axis',(1.,0.,0.));
#1397=DIRECTION('ref_axis',(0.,-1.,0.));
#1398=DIRECTION('center_axis',(0.,-1.,0.));
#1399=DIRECTION('ref_axis',(0.707106781186642,0.,-0.707106781186453));
#1400=DIRECTION('center_axis',(0.,0.,-1.));
#1401=DIRECTION('ref_axis',(0.707106781186642,-0.707106781186453,0.));
#1402=DIRECTION('center_axis',(1.,0.,0.));
#1403=DIRECTION('ref_axis',(0.,-1.,0.));
#1404=DIRECTION('center_axis',(0.,-1.,0.));
#1405=DIRECTION('ref_axis',(0.,0.,-1.));
#1406=DIRECTION('center_axis',(0.,0.,-1.));
#1407=DIRECTION('ref_axis',(0.707106781186642,-0.707106781186453,0.));
#1408=DIRECTION('center_axis',(1.,0.,0.));
#1409=DIRECTION('ref_axis',(0.,-0.707106781186548,-0.707106781186548));
#1410=DIRECTION('center_axis',(0.,-1.,0.));
#1411=DIRECTION('ref_axis',(0.,0.,-1.));
#1412=DIRECTION('center_axis',(0.,0.,-1.));
#1413=DIRECTION('ref_axis',(-0.707106781186453,0.707106781186642,0.));
#1414=DIRECTION('center_axis',(-1.,0.,0.));
#1415=DIRECTION('ref_axis',(0.,1.,0.));
#1416=DIRECTION('center_axis',(0.,1.,0.));
#1417=DIRECTION('ref_axis',(0.,0.,-1.));
#1418=DIRECTION('center_axis',(0.,0.,-1.));
#1419=DIRECTION('ref_axis',(-0.707106781186453,0.707106781186642,0.));
#1420=DIRECTION('center_axis',(-1.,0.,0.));
#1421=DIRECTION('ref_axis',(0.,0.707106781186642,-0.707106781186453));
#1422=DIRECTION('center_axis',(0.,1.,0.));
#1423=DIRECTION('ref_axis',(0.,0.,-1.));
#1424=DIRECTION('center_axis',(0.,0.,-1.));
#1425=DIRECTION('ref_axis',(-1.,0.,0.));
#1426=DIRECTION('center_axis',(-1.,0.,0.));
#1427=DIRECTION('ref_axis',(0.,0.707106781186642,-0.707106781186453));
#1428=DIRECTION('center_axis',(0.,1.,0.));
#1429=DIRECTION('ref_axis',(-0.70710678118654,0.,-0.707106781186555));
#1430=DIRECTION('center_axis',(0.,0.,-1.));
#1431=DIRECTION('ref_axis',(-1.,0.,0.));
#1432=DIRECTION('center_axis',(1.,0.,0.));
#1433=DIRECTION('ref_axis',(0.,0.707106781186642,-0.707106781186453));
#1434=DIRECTION('center_axis',(0.,0.,-1.));
#1435=DIRECTION('ref_axis',(0.,1.,0.));
#1436=DIRECTION('center_axis',(0.,1.,0.));
#1437=DIRECTION('ref_axis',(1.,0.,0.));
#1438=DIRECTION('center_axis',(1.,0.,0.));
#1439=DIRECTION('ref_axis',(0.,0.707106781186642,-0.707106781186453));
#1440=DIRECTION('center_axis',(0.,0.,-1.));
#1441=DIRECTION('ref_axis',(0.707106781186547,0.707106781186547,0.));
#1442=DIRECTION('center_axis',(0.,1.,0.));
#1443=DIRECTION('ref_axis',(1.,0.,0.));
#1444=DIRECTION('center_axis',(1.,0.,0.));
#1445=DIRECTION('ref_axis',(0.,0.,-1.));
#1446=DIRECTION('center_axis',(0.,0.,-1.));
#1447=DIRECTION('ref_axis',(0.707106781186547,0.707106781186547,0.));
#1448=DIRECTION('center_axis',(0.,1.,0.));
#1449=DIRECTION('ref_axis',(0.707106781186642,0.,-0.707106781186453));
#1450=DIRECTION('center_axis',(1.,0.,0.));
#1451=DIRECTION('ref_axis',(0.,0.,-1.));
#1452=DIRECTION('center_axis',(-1.,0.,0.));
#1453=DIRECTION('ref_axis',(0.,-1.,0.));
#1454=DIRECTION('center_axis',(1.,0.,0.));
#1455=DIRECTION('ref_axis',(0.,-1.,0.));
#1456=DIRECTION('',(0.707106781186548,-0.707106781186547,-8.65956056235493E-17));
#1457=DIRECTION('center_axis',(1.,0.,0.));
#1458=DIRECTION('ref_axis',(0.,-1.,0.));
#1459=DIRECTION('center_axis',(1.,0.,0.));
#1460=DIRECTION('ref_axis',(0.,-1.,0.));
#1461=DIRECTION('',(1.,0.,0.));
#1462=DIRECTION('center_axis',(-1.,0.,0.));
#1463=DIRECTION('ref_axis',(0.,-1.,0.));
#1464=DIRECTION('center_axis',(-1.,0.,0.));
#1465=DIRECTION('ref_axis',(0.,-1.,0.));
#1466=DIRECTION('center_axis',(1.,0.,0.));
#1467=DIRECTION('ref_axis',(0.,-1.,0.));
#1468=DIRECTION('',(0.707106781186548,-0.707106781186547,-8.65956056235493E-17));
#1469=DIRECTION('center_axis',(1.,0.,0.));
#1470=DIRECTION('ref_axis',(0.,-1.,0.));
#1471=DIRECTION('center_axis',(1.,0.,0.));
#1472=DIRECTION('ref_axis',(0.,-1.,0.));
#1473=DIRECTION('',(1.,0.,0.));
#1474=DIRECTION('center_axis',(-1.,0.,0.));
#1475=DIRECTION('ref_axis',(0.,-1.,0.));
#1476=DIRECTION('center_axis',(1.,0.,0.));
#1477=DIRECTION('ref_axis',(0.,1.,0.));
#1478=DIRECTION('center_axis',(-1.,0.,0.));
#1479=DIRECTION('ref_axis',(0.,1.,0.));
#1480=DIRECTION('',(-0.707106781186548,0.707106781186547,-8.65956056235493E-17));
#1481=DIRECTION('center_axis',(-1.,0.,0.));
#1482=DIRECTION('ref_axis',(0.,1.,0.));
#1483=DIRECTION('center_axis',(-1.,0.,0.));
#1484=DIRECTION('ref_axis',(0.,1.,0.));
#1485=DIRECTION('',(-1.,0.,0.));
#1486=DIRECTION('center_axis',(1.,0.,0.));
#1487=DIRECTION('ref_axis',(0.,1.,0.));
#1488=DIRECTION('center_axis',(1.,0.,0.));
#1489=DIRECTION('ref_axis',(0.,1.,0.));
#1490=DIRECTION('center_axis',(-1.,0.,0.));
#1491=DIRECTION('ref_axis',(0.,1.,0.));
#1492=DIRECTION('',(-0.707106781186548,0.707106781186547,-8.65956056235493E-17));
#1493=DIRECTION('center_axis',(-1.,0.,0.));
#1494=DIRECTION('ref_axis',(0.,1.,0.));
#1495=DIRECTION('center_axis',(-1.,0.,0.));
#1496=DIRECTION('ref_axis',(0.,1.,0.));
#1497=DIRECTION('',(-1.,0.,0.));
#1498=DIRECTION('center_axis',(1.,0.,0.));
#1499=DIRECTION('ref_axis',(0.,1.,0.));
#1500=DIRECTION('center_axis',(-0.707106781186548,0.,-0.707106781186547));
#1501=DIRECTION('ref_axis',(-0.707106781186547,0.,0.707106781186548));
#1502=DIRECTION('',(0.707106781186547,0.,-0.707106781186548));
#1503=DIRECTION('',(0.,-1.,0.));
#1504=DIRECTION('',(-0.707106781186547,1.09034198519707E-15,0.707106781186548));
#1505=DIRECTION('',(0.,1.,0.));
#1506=DIRECTION('center_axis',(0.,0.,1.));
#1507=DIRECTION('ref_axis',(-0.707106781186549,0.707106781186546,0.));
#1508=DIRECTION('center_axis',(0.,0.,-1.));
#1509=DIRECTION('ref_axis',(-0.707106781186549,0.707106781186546,0.));
#1510=DIRECTION('',(0.,-0.707106781186547,-0.707106781186548));
#1511=DIRECTION('center_axis',(0.,0.,1.));
#1512=DIRECTION('ref_axis',(-0.707106781186549,0.707106781186546,0.));
#1513=DIRECTION('center_axis',(0.,0.707106781186548,-0.707106781186547));
#1514=DIRECTION('ref_axis',(-1.,0.,0.));
#1515=DIRECTION('',(0.,-0.707106781186547,-0.707106781186548));
#1516=DIRECTION('',(-1.,0.,0.));
#1517=DIRECTION('',(1.,0.,0.));
#1518=DIRECTION('center_axis',(0.,0.,1.));
#1519=DIRECTION('ref_axis',(0.707106781186547,0.707106781186547,0.));
#1520=DIRECTION('center_axis',(0.,0.,-1.));
#1521=DIRECTION('ref_axis',(0.707106781186547,0.707106781186547,0.));
#1522=DIRECTION('',(-0.707106781186547,0.,-0.707106781186548));
#1523=DIRECTION('center_axis',(0.,0.,1.));
#1524=DIRECTION('ref_axis',(0.707106781186547,0.707106781186547,0.));
#1525=DIRECTION('center_axis',(0.707106781186548,0.,-0.707106781186547));
#1526=DIRECTION('ref_axis',(-0.707106781186547,0.,-0.707106781186548));
#1527=DIRECTION('',(-0.707106781186547,0.,-0.707106781186548));
#1528=DIRECTION('',(0.,1.,0.));
#1529=DIRECTION('',(0.,-1.,0.));
#1530=DIRECTION('center_axis',(0.,0.,1.));
#1531=DIRECTION('ref_axis',(0.707106781186545,-0.70710678118655,0.));
#1532=DIRECTION('center_axis',(0.,0.,-1.));
#1533=DIRECTION('ref_axis',(0.707106781186545,-0.70710678118655,0.));
#1534=DIRECTION('',(0.,0.707106781186545,-0.707106781186551));
#1535=DIRECTION('center_axis',(0.,0.,1.));
#1536=DIRECTION('ref_axis',(0.707106781186545,-0.70710678118655,0.));
#1537=DIRECTION('center_axis',(0.,-0.707106781186548,-0.707106781186547));
#1538=DIRECTION('ref_axis',(-1.,0.,0.));
#1539=DIRECTION('',(0.,0.707106781186547,-0.707106781186548));
#1540=DIRECTION('',(1.,0.,0.));
#1541=DIRECTION('',(-1.,0.,0.));
#1542=DIRECTION('center_axis',(0.,0.,1.));
#1543=DIRECTION('ref_axis',(-0.707106781186549,-0.707106781186546,0.));
#1544=DIRECTION('center_axis',(0.,0.,-1.));
#1545=DIRECTION('ref_axis',(-0.707106781186548,-0.707106781186546,0.));
#1546=DIRECTION('center_axis',(0.,0.,1.));
#1547=DIRECTION('ref_axis',(-0.707106781186548,-0.707106781186547,0.));
#1548=DIRECTION('center_axis',(0.,0.,-1.));
#1549=DIRECTION('ref_axis',(0.707106781186547,0.707106781186547,0.));
#1550=DIRECTION('',(0.,0.,1.));
#1551=DIRECTION('center_axis',(0.,0.,-1.));
#1552=DIRECTION('ref_axis',(0.707106781186547,0.707106781186547,0.));
#1553=DIRECTION('',(0.,0.,-1.));
#1554=DIRECTION('center_axis',(0.,1.,0.));
#1555=DIRECTION('ref_axis',(1.,0.,0.));
#1556=DIRECTION('',(0.,0.,-1.));
#1557=DIRECTION('',(-1.,0.,0.));
#1558=DIRECTION('center_axis',(0.,0.,-1.));
#1559=DIRECTION('ref_axis',(-0.707106781186549,0.707106781186546,0.));
#1560=DIRECTION('',(0.,0.,1.));
#1561=DIRECTION('center_axis',(0.,0.,-1.));
#1562=DIRECTION('ref_axis',(-0.707106781186549,0.707106781186546,0.));
#1563=DIRECTION('center_axis',(-1.,0.,0.));
#1564=DIRECTION('ref_axis',(0.,1.,0.));
#1565=DIRECTION('',(0.,0.,-1.));
#1566=DIRECTION('',(0.,-1.,0.));
#1567=DIRECTION('center_axis',(0.,0.,-1.));
#1568=DIRECTION('ref_axis',(-1.,0.,0.));
#1569=DIRECTION('',(1.,0.,0.));
#1570=DIRECTION('center_axis',(0.,0.,-1.));
#1571=DIRECTION('ref_axis',(0.707106781186602,-0.707106781186493,0.));
#1572=DIRECTION('',(0.,1.,0.));
#1573=DIRECTION('center_axis',(0.,0.,-1.));
#1574=DIRECTION('ref_axis',(0.707106781186548,0.707106781186548,0.));
#1575=DIRECTION('',(-1.,0.,0.));
#1576=DIRECTION('center_axis',(0.,0.,-1.));
#1577=DIRECTION('ref_axis',(-0.707106781186485,0.70710678118661,0.));
#1578=DIRECTION('',(0.,-1.,0.));
#1579=DIRECTION('center_axis',(0.,0.,-1.));
#1580=DIRECTION('ref_axis',(-0.707106781186555,-0.70710678118654,0.));
#1581=DIRECTION('center_axis',(1.,0.,0.));
#1582=DIRECTION('ref_axis',(0.,-1.,0.));
#1583=DIRECTION('',(0.,1.,0.));
#1584=DIRECTION('',(0.,0.,1.));
#1585=DIRECTION('center_axis',(0.,0.,1.));
#1586=DIRECTION('ref_axis',(1.,0.,0.));
#1587=DIRECTION('center_axis',(0.,0.,-1.));
#1588=DIRECTION('ref_axis',(-0.707106781186548,-0.707106781186546,0.));
#1589=DIRECTION('',(1.,0.,0.));
#1590=DIRECTION('center_axis',(0.,0.,-1.));
#1591=DIRECTION('ref_axis',(0.707106781186545,-0.70710678118655,0.));
#1592=DIRECTION('',(-1.,0.,0.));
#1593=DIRECTION('center_axis',(0.,0.,1.));
#1594=DIRECTION('ref_axis',(-0.70710678118654,-0.707106781186555,0.));
#1595=DIRECTION('',(0.,1.,0.));
#1596=DIRECTION('center_axis',(0.,0.,1.));
#1597=DIRECTION('ref_axis',(-0.707106781186493,0.707106781186602,0.));
#1598=DIRECTION('',(1.,0.,0.));
#1599=DIRECTION('center_axis',(0.,0.,1.));
#1600=DIRECTION('ref_axis',(0.707106781186548,0.707106781186548,0.));
#1601=DIRECTION('',(0.,-1.,0.));
#1602=DIRECTION('center_axis',(0.,0.,1.));
#1603=DIRECTION('ref_axis',(0.70710678118661,-0.707106781186485,0.));
#1604=DIRECTION('center_axis',(0.,0.,-1.));
#1605=DIRECTION('ref_axis',(0.707106781186545,-0.70710678118655,0.));
#1606=DIRECTION('',(0.,0.,-1.));
#1607=DIRECTION('center_axis',(0.,-1.,0.));
#1608=DIRECTION('ref_axis',(-1.,0.,0.));
#1609=DIRECTION('',(0.,0.,1.));
#1610=DIRECTION('center_axis',(0.,0.,-1.));
#1611=DIRECTION('ref_axis',(-0.707106781186548,-0.707106781186546,0.));
#1612=DIRECTION('center_axis',(0.,0.,-1.));
#1613=DIRECTION('ref_axis',(0.,1.,0.));
#1614=DIRECTION('center_axis',(0.,1.,0.));
#1615=DIRECTION('ref_axis',(0.707106781186642,0.,-0.707106781186453));
#1616=DIRECTION('center_axis',(0.,0.,-1.));
#1617=DIRECTION('ref_axis',(0.707106781186548,0.707106781186548,0.));
#1618=DIRECTION('',(0.,0.,-1.));
#1619=DIRECTION('',(0.,0.,1.));
#1620=DIRECTION('center_axis',(-1.,0.,0.));
#1621=DIRECTION('ref_axis',(0.,1.,0.));
#1622=DIRECTION('center_axis',(0.,1.,0.));
#1623=DIRECTION('ref_axis',(-0.70710678118654,0.,-0.707106781186555));
#1624=DIRECTION('center_axis',(0.,0.,-1.));
#1625=DIRECTION('ref_axis',(-0.707106781186493,0.707106781186602,0.));
#1626=DIRECTION('',(0.,0.,-1.));
#1627=DIRECTION('',(0.,0.,1.));
#1628=DIRECTION('center_axis',(0.,0.,-1.));
#1629=DIRECTION('ref_axis',(1.,0.,0.));
#1630=DIRECTION('center_axis',(1.,0.,0.));
#1631=DIRECTION('ref_axis',(0.,-0.707106781186548,-0.707106781186548));
#1632=DIRECTION('center_axis',(0.,0.,-1.));
#1633=DIRECTION('ref_axis',(0.70710678118661,-0.707106781186485,0.));
#1634=DIRECTION('',(0.,0.,-1.));
#1635=DIRECTION('',(0.,0.,1.));
#1636=DIRECTION('center_axis',(0.,-1.,0.));
#1637=DIRECTION('ref_axis',(0.707106781186595,0.,-0.7071067811865));
#1638=DIRECTION('',(0.,1.,0.));
#1639=DIRECTION('',(0.,-1.,0.));
#1640=DIRECTION('center_axis',(-1.,0.,0.));
#1641=DIRECTION('ref_axis',(0.,0.,-1.));
#1642=DIRECTION('center_axis',(0.,0.,-1.));
#1643=DIRECTION('ref_axis',(-0.707106781186548,-0.707106781186548,0.));
#1644=DIRECTION('center_axis',(0.,0.,-1.));
#1645=DIRECTION('ref_axis',(-0.70710678118654,-0.707106781186555,0.));
#1646=DIRECTION('',(0.,0.,-1.));
#1647=DIRECTION('',(0.,0.,1.));
#1648=DIRECTION('center_axis',(-1.,0.,0.));
#1649=DIRECTION('ref_axis',(0.,-0.707106781186532,-0.707106781186563));
#1650=DIRECTION('',(1.,0.,0.));
#1651=DIRECTION('',(-1.,0.,0.));
#1652=DIRECTION('center_axis',(0.,1.,0.));
#1653=DIRECTION('ref_axis',(-0.707106781186532,0.,-0.707106781186563));
#1654=DIRECTION('',(0.,-1.,0.));
#1655=DIRECTION('',(0.,1.,0.));
#1656=DIRECTION('center_axis',(1.,0.,0.));
#1657=DIRECTION('ref_axis',(0.,0.707106781186595,-0.7071067811865));
#1658=DIRECTION('',(-1.,0.,0.));
#1659=DIRECTION('',(1.,0.,0.));
#1660=DIRECTION('center_axis',(1.,0.,0.));
#1661=DIRECTION('ref_axis',(0.,-1.,0.));
#1662=DIRECTION('center_axis',(0.,-1.,0.));
#1663=DIRECTION('ref_axis',(-1.,0.,0.));
#1664=DIRECTION('center_axis',(0.,0.,-1.));
#1665=DIRECTION('ref_axis',(-1.,0.,0.));
#1666=DIRECTION('',(-1.,0.,0.));
#1667=DIRECTION('center_axis',(0.,0.,1.));
#1668=DIRECTION('ref_axis',(-0.707106781186555,-0.70710678118654,0.));
#1669=DIRECTION('',(0.,1.,0.));
#1670=DIRECTION('center_axis',(0.,0.,1.));
#1671=DIRECTION('ref_axis',(-0.707106781186485,0.70710678118661,0.));
#1672=DIRECTION('',(1.,0.,0.));
#1673=DIRECTION('center_axis',(0.,0.,1.));
#1674=DIRECTION('ref_axis',(0.707106781186548,0.707106781186548,0.));
#1675=DIRECTION('',(0.,-1.,0.));
#1676=DIRECTION('center_axis',(0.,0.,1.));
#1677=DIRECTION('ref_axis',(0.707106781186602,-0.707106781186493,0.));
#1678=DIRECTION('center_axis',(0.,0.,1.));
#1679=DIRECTION('ref_axis',(-0.707106781186555,-0.70710678118654,0.));
#1680=DIRECTION('',(0.,0.,1.));
#1681=DIRECTION('',(0.,0.,-1.));
#1682=DIRECTION('center_axis',(-1.,0.,0.));
#1683=DIRECTION('ref_axis',(0.,-1.,0.));
#1684=DIRECTION('',(0.,0.,-1.));
#1685=DIRECTION('center_axis',(0.,0.,1.));
#1686=DIRECTION('ref_axis',(-0.707106781186485,0.70710678118661,0.));
#1687=DIRECTION('',(0.,0.,1.));
#1688=DIRECTION('center_axis',(0.,1.,0.));
#1689=DIRECTION('ref_axis',(-1.,0.,0.));
#1690=DIRECTION('',(0.,0.,-1.));
#1691=DIRECTION('center_axis',(0.,0.,1.));
#1692=DIRECTION('ref_axis',(0.707106781186548,0.707106781186548,0.));
#1693=DIRECTION('',(0.,0.,1.));
#1694=DIRECTION('center_axis',(1.,0.,0.));
#1695=DIRECTION('ref_axis',(0.,1.,0.));
#1696=DIRECTION('',(0.,0.,-1.));
#1697=DIRECTION('center_axis',(0.,0.,1.));
#1698=DIRECTION('ref_axis',(0.707106781186602,-0.707106781186493,0.));
#1699=DIRECTION('',(0.,0.,1.));
#1700=DIRECTION('center_axis',(0.,-1.,0.));
#1701=DIRECTION('ref_axis',(1.,0.,0.));
#1702=DIRECTION('center_axis',(0.,1.,0.));
#1703=DIRECTION('ref_axis',(1.,0.,0.));
#1704=DIRECTION('center_axis',(-1.,0.,0.));
#1705=DIRECTION('ref_axis',(0.,1.,0.));
#1706=CARTESIAN_POINT('',(0.,0.,0.));
#1707=CARTESIAN_POINT('Ctrl Pts',(2.60976827032111,2.60976827032111,-37.3902317296789));
#1708=CARTESIAN_POINT('Ctrl Pts',(2.62871538457656,2.60029471319338,-37.3997052868066));
#1709=CARTESIAN_POINT('Ctrl Pts',(2.66969781015256,2.58457269378012,-37.4154273062199));
#1710=CARTESIAN_POINT('Ctrl Pts',(2.7774205365562,2.56324824621494,-37.4367517537851));
#1711=CARTESIAN_POINT('Ctrl Pts',(2.86114787418398,2.55857864376269,-37.4414213562373));
#1712=CARTESIAN_POINT('Ctrl Pts',(2.89996979771955,2.55857864376269,-37.4414213562373));
#1713=CARTESIAN_POINT('Ctrl Pts',(2.61924182744883,2.59082115606565,-37.3807581725512));
#1714=CARTESIAN_POINT('Ctrl Pts',(2.63802399550604,2.58328788765695,-37.390114451503));
#1715=CARTESIAN_POINT('Ctrl Pts',(2.67898720196306,2.57029395947278,-37.4058891696817));
#1716=CARTESIAN_POINT('Ctrl Pts',(2.78553434471119,2.55103462871924,-37.426106682508));
#1717=CARTESIAN_POINT('Ctrl Pts',(2.86330464771374,2.54692293235085,-37.4297656448255));
#1718=CARTESIAN_POINT('Ctrl Pts',(2.89996979771955,2.5462373022678,-37.4290800147424));
#1719=CARTESIAN_POINT('Ctrl Pts',(2.64015584847501,2.55853140544082,-37.359844151525));
#1720=CARTESIAN_POINT('Ctrl Pts',(2.6589335100242,2.55356863194831,-37.3691101195652));
#1721=CARTESIAN_POINT('Ctrl Pts',(2.7009304028913,2.54406036002121,-37.3845999723748));
#1722=CARTESIAN_POINT('Ctrl Pts',(2.80454182669503,2.52840534787963,-37.4011703290229));
#1723=CARTESIAN_POINT('Ctrl Pts',(2.8680031986018,2.52602751814053,-37.4030943248005));
#1724=CARTESIAN_POINT('Ctrl Pts',(2.89996979771955,2.524805196333,-37.4011490673119));
#1725=CARTESIAN_POINT('Ctrl Pts',(2.69511019278758,2.51369963839537,-37.3048898072124));
#1726=CARTESIAN_POINT('Ctrl Pts',(2.71374760865105,2.51182109035054,-37.3151029363997));
#1727=CARTESIAN_POINT('Ctrl Pts',(2.75618507081615,2.5076281256462,-37.3320327305845));
#1728=CARTESIAN_POINT('Ctrl Pts',(2.83043725428665,2.50494348658534,-37.3516482146097));
#1729=CARTESIAN_POINT('Ctrl Pts',(2.87557329928239,2.50510656761387,-37.3545980590948));
#1730=CARTESIAN_POINT('Ctrl Pts',(2.89996979771955,2.50459537489146,-37.3523582422946));
#1731=CARTESIAN_POINT('Ctrl Pts',(2.73915707885432,2.5,-37.2608429211457));
#1732=CARTESIAN_POINT('Ctrl Pts',(2.75358358846499,2.5,-37.2731124619935));
#1733=CARTESIAN_POINT('Ctrl Pts',(2.78548987135212,2.5,-37.2945449424864));
#1734=CARTESIAN_POINT('Ctrl Pts',(2.84117795465594,2.5,-37.3150916813063));
#1735=CARTESIAN_POINT('Ctrl Pts',(2.88025346148858,2.5,-37.3184229198822));
#1736=CARTESIAN_POINT('Ctrl Pts',(2.89996979771955,2.5,-37.3174532925199));
#1737=CARTESIAN_POINT('Ctrl Pts',(2.75856979771955,2.5,-37.2414302022804));
#1738=CARTESIAN_POINT('Ctrl Pts',(2.77090927553115,2.5,-37.253769680092));
#1739=CARTESIAN_POINT('Ctrl Pts',(2.79883600507011,2.5,-37.2751985495345));
#1740=CARTESIAN_POINT('Ctrl Pts',(2.84761946211651,2.5,-37.2954053190625));
#1741=CARTESIAN_POINT('Ctrl Pts',(2.88251914084578,2.5,-37.3));
#1742=CARTESIAN_POINT('Ctrl Pts',(2.89996979771955,2.5,-37.3));
#1743=CARTESIAN_POINT('',(2.60976827032111,2.60976827032111,-37.3902317296789));
#1744=CARTESIAN_POINT('',(2.89996979771955,2.55857864376269,-37.4414213562373));
#1745=CARTESIAN_POINT('Ctrl Pts',(2.60976827032111,2.60976827032111,-37.3902317296789));
#1746=CARTESIAN_POINT('Ctrl Pts',(2.62871538457656,2.60029471319338,-37.3997052868066));
#1747=CARTESIAN_POINT('Ctrl Pts',(2.66969781015256,2.58457269378012,-37.4154273062199));
#1748=CARTESIAN_POINT('Ctrl Pts',(2.7774205365562,2.56324824621494,-37.4367517537851));
#1749=CARTESIAN_POINT('Ctrl Pts',(2.86114787418398,2.55857864376269,-37.4414213562373));
#1750=CARTESIAN_POINT('Ctrl Pts',(2.89996979771955,2.55857864376269,-37.4414213562373));
#1751=CARTESIAN_POINT('',(2.75856979771955,2.5,-37.2414302022804));
#1752=CARTESIAN_POINT('Ctrl Pts',(2.60976827032111,2.60976827032111,-37.3902317296789));
#1753=CARTESIAN_POINT('Ctrl Pts',(2.61924182744883,2.59082115606565,-37.3807581725512));
#1754=CARTESIAN_POINT('Ctrl Pts',(2.64015584847501,2.55853140544082,-37.359844151525));
#1755=CARTESIAN_POINT('Ctrl Pts',(2.69511019278758,2.51369963839537,-37.3048898072124));
#1756=CARTESIAN_POINT('Ctrl Pts',(2.73915707885432,2.5,-37.2608429211457));
#1757=CARTESIAN_POINT('Ctrl Pts',(2.75856979771955,2.5,-37.2414302022804));
#1758=CARTESIAN_POINT('',(2.89996979771955,2.5,-37.3));
#1759=CARTESIAN_POINT('Origin',(2.89996979771955,2.5,-37.1000302022804));
#1760=CARTESIAN_POINT('Origin',(2.89996979771955,2.7,-37.3));
#1761=CARTESIAN_POINT('Ctrl Pts',(2.60976827032111,2.60976827032111,-37.3902317296789));
#1762=CARTESIAN_POINT('Ctrl Pts',(2.61924182744883,2.59082115606565,-37.3807581725512));
#1763=CARTESIAN_POINT('Ctrl Pts',(2.64015584847501,2.55853140544082,-37.359844151525));
#1764=CARTESIAN_POINT('Ctrl Pts',(2.69511019278758,2.51369963839537,-37.3048898072124));
#1765=CARTESIAN_POINT('Ctrl Pts',(2.73915707885432,2.5,-37.2608429211457));
#1766=CARTESIAN_POINT('Ctrl Pts',(2.75856979771955,2.5,-37.2414302022804));
#1767=CARTESIAN_POINT('Ctrl Pts',(2.60029471319338,2.60029471319338,-37.3712846154234));
#1768=CARTESIAN_POINT('Ctrl Pts',(2.60988554849704,2.58328788765695,-37.361976004494));
#1769=CARTESIAN_POINT('Ctrl Pts',(2.63088988043478,2.55356863194831,-37.3410664899758));
#1770=CARTESIAN_POINT('Ctrl Pts',(2.68489706360026,2.51182109035054,-37.2862523913489));
#1771=CARTESIAN_POINT('Ctrl Pts',(2.72688753800644,2.5,-37.246416411535));
#1772=CARTESIAN_POINT('Ctrl Pts',(2.74623031990795,2.5,-37.2290907244688));
#1773=CARTESIAN_POINT('Ctrl Pts',(2.58457269378012,2.58457269378012,-37.3303021898474));
#1774=CARTESIAN_POINT('Ctrl Pts',(2.59411083031835,2.57029395947278,-37.3210127980369));
#1775=CARTESIAN_POINT('Ctrl Pts',(2.61540002762516,2.54406036002121,-37.2990695971087));
#1776=CARTESIAN_POINT('Ctrl Pts',(2.66796726941553,2.5076281256462,-37.2438149291839));
#1777=CARTESIAN_POINT('Ctrl Pts',(2.70545505751358,2.5,-37.2145101286479));
#1778=CARTESIAN_POINT('Ctrl Pts',(2.72480145046552,2.5,-37.2011639949299));
#1779=CARTESIAN_POINT('Ctrl Pts',(2.56324824621494,2.56324824621494,-37.2225794634438));
#1780=CARTESIAN_POINT('Ctrl Pts',(2.57389331749198,2.55103462871923,-37.2144656552888));
#1781=CARTESIAN_POINT('Ctrl Pts',(2.5988296709771,2.52840534787963,-37.195458173305));
#1782=CARTESIAN_POINT('Ctrl Pts',(2.64835178539026,2.50494348658534,-37.1695627457133));
#1783=CARTESIAN_POINT('Ctrl Pts',(2.68490831869366,2.5,-37.158822045344));
#1784=CARTESIAN_POINT('Ctrl Pts',(2.70459468093745,2.5,-37.1523805378835));
#1785=CARTESIAN_POINT('Ctrl Pts',(2.55857864376269,2.55857864376269,-37.138852125816));
#1786=CARTESIAN_POINT('Ctrl Pts',(2.57023435517452,2.54692293235085,-37.1366953522863));
#1787=CARTESIAN_POINT('Ctrl Pts',(2.59690567519954,2.52602751814052,-37.1319968013982));
#1788=CARTESIAN_POINT('Ctrl Pts',(2.64540194090518,2.50510656761386,-37.1244267007176));
#1789=CARTESIAN_POINT('Ctrl Pts',(2.68157708011783,2.5,-37.1197465385114));
#1790=CARTESIAN_POINT('Ctrl Pts',(2.7,2.5,-37.1174808591542));
#1791=CARTESIAN_POINT('Ctrl Pts',(2.55857864376269,2.55857864376269,-37.1000302022804));
#1792=CARTESIAN_POINT('Ctrl Pts',(2.57091998525757,2.5462373022678,-37.1000302022804));
#1793=CARTESIAN_POINT('Ctrl Pts',(2.59885093268807,2.524805196333,-37.1000302022805));
#1794=CARTESIAN_POINT('Ctrl Pts',(2.64764175770537,2.50459537489146,-37.1000302022804));
#1795=CARTESIAN_POINT('Ctrl Pts',(2.68254670748005,2.5,-37.1000302022804));
#1796=CARTESIAN_POINT('Ctrl Pts',(2.7,2.5,-37.1000302022804));
#1797=CARTESIAN_POINT('',(2.55857864376269,2.55857864376269,-37.1000302022804));
#1798=CARTESIAN_POINT('Ctrl Pts',(2.60976827032111,2.60976827032111,-37.3902317296789));
#1799=CARTESIAN_POINT('Ctrl Pts',(2.60029471319338,2.60029471319338,-37.3712846154234));
#1800=CARTESIAN_POINT('Ctrl Pts',(2.58457269378012,2.58457269378012,-37.3303021898474));
#1801=CARTESIAN_POINT('Ctrl Pts',(2.56324824621494,2.56324824621494,-37.2225794634438));
#1802=CARTESIAN_POINT('Ctrl Pts',(2.55857864376269,2.55857864376269,-37.138852125816));
#1803=CARTESIAN_POINT('Ctrl Pts',(2.55857864376269,2.55857864376269,-37.1000302022804));
#1804=CARTESIAN_POINT('',(2.7,2.5,-37.1000302022804));
#1805=CARTESIAN_POINT('Origin',(2.7,2.7,-37.1000302022804));
#1806=CARTESIAN_POINT('Origin',(2.89996979771955,2.5,-37.1000302022804));
#1807=CARTESIAN_POINT('Ctrl Pts',(2.60976827032111,2.60976827032111,-37.3902317296789));
#1808=CARTESIAN_POINT('Ctrl Pts',(2.60029471319338,2.60029471319338,-37.3712846154234));
#1809=CARTESIAN_POINT('Ctrl Pts',(2.58457269378012,2.58457269378012,-37.3303021898474));
#1810=CARTESIAN_POINT('Ctrl Pts',(2.56324824621494,2.56324824621494,-37.2225794634438));
#1811=CARTESIAN_POINT('Ctrl Pts',(2.55857864376269,2.55857864376269,-37.138852125816));
#1812=CARTESIAN_POINT('Ctrl Pts',(2.55857864376269,2.55857864376269,-37.1000302022804));
#1813=CARTESIAN_POINT('Ctrl Pts',(2.59082115606565,2.61924182744883,-37.3807581725512));
#1814=CARTESIAN_POINT('Ctrl Pts',(2.58328788765695,2.60988554849704,-37.361976004494));
#1815=CARTESIAN_POINT('Ctrl Pts',(2.57029395947278,2.59411083031835,-37.3210127980369));
#1816=CARTESIAN_POINT('Ctrl Pts',(2.55103462871923,2.57389331749198,-37.2144656552888));
#1817=CARTESIAN_POINT('Ctrl Pts',(2.54692293235085,2.57023435517452,-37.1366953522863));
#1818=CARTESIAN_POINT('Ctrl Pts',(2.5462373022678,2.57091998525757,-37.1000302022804));
#1819=CARTESIAN_POINT('Ctrl Pts',(2.55853140544082,2.64015584847501,-37.359844151525));
#1820=CARTESIAN_POINT('Ctrl Pts',(2.55356863194831,2.63088988043478,-37.3410664899758));
#1821=CARTESIAN_POINT('Ctrl Pts',(2.54406036002121,2.61540002762516,-37.2990695971087));
#1822=CARTESIAN_POINT('Ctrl Pts',(2.52840534787963,2.5988296709771,-37.195458173305));
#1823=CARTESIAN_POINT('Ctrl Pts',(2.52602751814052,2.59690567519953,-37.1319968013982));
#1824=CARTESIAN_POINT('Ctrl Pts',(2.524805196333,2.59885093268807,-37.1000302022804));
#1825=CARTESIAN_POINT('Ctrl Pts',(2.51369963839537,2.69511019278758,-37.3048898072124));
#1826=CARTESIAN_POINT('Ctrl Pts',(2.51182109035054,2.68489706360026,-37.286252391349));
#1827=CARTESIAN_POINT('Ctrl Pts',(2.5076281256462,2.66796726941553,-37.2438149291838));
#1828=CARTESIAN_POINT('Ctrl Pts',(2.50494348658534,2.64835178539026,-37.1695627457133));
#1829=CARTESIAN_POINT('Ctrl Pts',(2.50510656761387,2.64540194090518,-37.1244267007176));
#1830=CARTESIAN_POINT('Ctrl Pts',(2.50459537489146,2.64764175770537,-37.1000302022804));
#1831=CARTESIAN_POINT('Ctrl Pts',(2.5,2.73915707885431,-37.2608429211457));
#1832=CARTESIAN_POINT('Ctrl Pts',(2.5,2.72688753800644,-37.246416411535));
#1833=CARTESIAN_POINT('Ctrl Pts',(2.5,2.70545505751358,-37.2145101286479));
#1834=CARTESIAN_POINT('Ctrl Pts',(2.5,2.68490831869365,-37.158822045344));
#1835=CARTESIAN_POINT('Ctrl Pts',(2.5,2.68157708011783,-37.1197465385114));
#1836=CARTESIAN_POINT('Ctrl Pts',(2.5,2.68254670748005,-37.1000302022804));
#1837=CARTESIAN_POINT('Ctrl Pts',(2.5,2.75856979771955,-37.2414302022804));
#1838=CARTESIAN_POINT('Ctrl Pts',(2.5,2.74623031990795,-37.2290907244688));
#1839=CARTESIAN_POINT('Ctrl Pts',(2.5,2.72480145046551,-37.2011639949299));
#1840=CARTESIAN_POINT('Ctrl Pts',(2.5,2.70459468093745,-37.1523805378835));
#1841=CARTESIAN_POINT('Ctrl Pts',(2.5,2.69999999999999,-37.1174808591542));
#1842=CARTESIAN_POINT('Ctrl Pts',(2.5,2.69999999999999,-37.1000302022804));
#1843=CARTESIAN_POINT('',(2.5,2.75856979771955,-37.2414302022804));
#1844=CARTESIAN_POINT('Ctrl Pts',(2.60976827032111,2.60976827032111,-37.3902317296789));
#1845=CARTESIAN_POINT('Ctrl Pts',(2.59082115606565,2.61924182744883,-37.3807581725512));
#1846=CARTESIAN_POINT('Ctrl Pts',(2.55853140544082,2.64015584847501,-37.359844151525));
#1847=CARTESIAN_POINT('Ctrl Pts',(2.51369963839537,2.69511019278758,-37.3048898072124));
#1848=CARTESIAN_POINT('Ctrl Pts',(2.5,2.73915707885431,-37.2608429211457));
#1849=CARTESIAN_POINT('Ctrl Pts',(2.5,2.75856979771955,-37.2414302022804));
#1850=CARTESIAN_POINT('',(2.5,2.7,-37.1000302022804));
#1851=CARTESIAN_POINT('Origin',(2.5,2.89996979771955,-37.1000302022804));
#1852=CARTESIAN_POINT('Origin',(2.7,2.7,-37.1000302022804));
#1853=CARTESIAN_POINT('Ctrl Pts',(2.60976827032111,2.60976827032111,-37.3902317296789));
#1854=CARTESIAN_POINT('Ctrl Pts',(2.59082115606565,2.61924182744883,-37.3807581725512));
#1855=CARTESIAN_POINT('Ctrl Pts',(2.55853140544082,2.64015584847501,-37.359844151525));
#1856=CARTESIAN_POINT('Ctrl Pts',(2.51369963839537,2.69511019278758,-37.3048898072124));
#1857=CARTESIAN_POINT('Ctrl Pts',(2.5,2.73915707885431,-37.2608429211457));
#1858=CARTESIAN_POINT('Ctrl Pts',(2.5,2.75856979771955,-37.2414302022804));
#1859=CARTESIAN_POINT('Ctrl Pts',(2.60029471319338,2.62871538457656,-37.3997052868066));
#1860=CARTESIAN_POINT('Ctrl Pts',(2.58328788765695,2.63802399550604,-37.390114451503));
#1861=CARTESIAN_POINT('Ctrl Pts',(2.55356863194831,2.6589335100242,-37.3691101195652));
#1862=CARTESIAN_POINT('Ctrl Pts',(2.51182109035054,2.71374760865104,-37.3151029363997));
#1863=CARTESIAN_POINT('Ctrl Pts',(2.5,2.75358358846499,-37.2731124619935));
#1864=CARTESIAN_POINT('Ctrl Pts',(2.5,2.77090927553115,-37.253769680092));
#1865=CARTESIAN_POINT('Ctrl Pts',(2.58457269378012,2.66969781015256,-37.4154273062199));
#1866=CARTESIAN_POINT('Ctrl Pts',(2.57029395947278,2.67898720196306,-37.4058891696816));
#1867=CARTESIAN_POINT('Ctrl Pts',(2.54406036002121,2.70093040289129,-37.3845999723749));
#1868=CARTESIAN_POINT('Ctrl Pts',(2.5076281256462,2.75618507081615,-37.3320327305844));
#1869=CARTESIAN_POINT('Ctrl Pts',(2.5,2.78548987135211,-37.2945449424864));
#1870=CARTESIAN_POINT('Ctrl Pts',(2.5,2.79883600507011,-37.2751985495345));
#1871=CARTESIAN_POINT('Ctrl Pts',(2.56324824621494,2.7774205365562,-37.4367517537851));
#1872=CARTESIAN_POINT('Ctrl Pts',(2.55103462871924,2.78553434471119,-37.426106682508));
#1873=CARTESIAN_POINT('Ctrl Pts',(2.52840534787963,2.80454182669502,-37.4011703290229));
#1874=CARTESIAN_POINT('Ctrl Pts',(2.50494348658534,2.83043725428664,-37.3516482146097));
#1875=CARTESIAN_POINT('Ctrl Pts',(2.5,2.84117795465594,-37.3150916813063));
#1876=CARTESIAN_POINT('Ctrl Pts',(2.5,2.84761946211651,-37.2954053190625));
#1877=CARTESIAN_POINT('Ctrl Pts',(2.55857864376269,2.86114787418398,-37.4414213562373));
#1878=CARTESIAN_POINT('Ctrl Pts',(2.54692293235085,2.86330464771374,-37.4297656448255));
#1879=CARTESIAN_POINT('Ctrl Pts',(2.52602751814053,2.8680031986018,-37.4030943248005));
#1880=CARTESIAN_POINT('Ctrl Pts',(2.50510656761386,2.87557329928239,-37.3545980590948));
#1881=CARTESIAN_POINT('Ctrl Pts',(2.5,2.88025346148858,-37.3184229198822));
#1882=CARTESIAN_POINT('Ctrl Pts',(2.5,2.88251914084578,-37.3));
#1883=CARTESIAN_POINT('Ctrl Pts',(2.55857864376269,2.89996979771955,-37.4414213562373));
#1884=CARTESIAN_POINT('Ctrl Pts',(2.5462373022678,2.89996979771955,-37.4290800147424));
#1885=CARTESIAN_POINT('Ctrl Pts',(2.524805196333,2.89996979771955,-37.4011490673119));
#1886=CARTESIAN_POINT('Ctrl Pts',(2.50459537489146,2.89996979771955,-37.3523582422946));
#1887=CARTESIAN_POINT('Ctrl Pts',(2.5,2.89996979771955,-37.3174532925199));
#1888=CARTESIAN_POINT('Ctrl Pts',(2.5,2.89996979771955,-37.3));
#1889=CARTESIAN_POINT('',(2.55857864376269,2.89996979771955,-37.4414213562373));
#1890=CARTESIAN_POINT('Ctrl Pts',(2.60976827032111,2.60976827032111,-37.3902317296789));
#1891=CARTESIAN_POINT('Ctrl Pts',(2.60029471319338,2.62871538457656,-37.3997052868066));
#1892=CARTESIAN_POINT('Ctrl Pts',(2.58457269378012,2.66969781015256,-37.4154273062199));
#1893=CARTESIAN_POINT('Ctrl Pts',(2.56324824621494,2.7774205365562,-37.4367517537851));
#1894=CARTESIAN_POINT('Ctrl Pts',(2.55857864376269,2.86114787418398,-37.4414213562373));
#1895=CARTESIAN_POINT('Ctrl Pts',(2.55857864376269,2.89996979771955,-37.4414213562373));
#1896=CARTESIAN_POINT('',(2.5,2.89996979771955,-37.3));
#1897=CARTESIAN_POINT('Origin',(2.7,2.89996979771955,-37.3));
#1898=CARTESIAN_POINT('Origin',(2.5,2.89996979771955,-37.1000302022804));
#1899=CARTESIAN_POINT('Ctrl Pts',(2.60976827032111,2.60976827032111,-37.3902317296789));
#1900=CARTESIAN_POINT('Ctrl Pts',(2.60029471319338,2.62871538457656,-37.3997052868066));
#1901=CARTESIAN_POINT('Ctrl Pts',(2.58457269378012,2.66969781015256,-37.4154273062199));
#1902=CARTESIAN_POINT('Ctrl Pts',(2.56324824621494,2.7774205365562,-37.4367517537851));
#1903=CARTESIAN_POINT('Ctrl Pts',(2.55857864376269,2.86114787418398,-37.4414213562373));
#1904=CARTESIAN_POINT('Ctrl Pts',(2.55857864376269,2.89996979771955,-37.4414213562373));
#1905=CARTESIAN_POINT('Ctrl Pts',(2.61924182744883,2.61924182744883,-37.4091788439343));
#1906=CARTESIAN_POINT('Ctrl Pts',(2.60988554849704,2.63802399550604,-37.416712112343));
#1907=CARTESIAN_POINT('Ctrl Pts',(2.59411083031835,2.67898720196306,-37.4297060405272));
#1908=CARTESIAN_POINT('Ctrl Pts',(2.57389331749198,2.78553434471119,-37.4489653712808));
#1909=CARTESIAN_POINT('Ctrl Pts',(2.57023435517452,2.86330464771374,-37.4530770676491));
#1910=CARTESIAN_POINT('Ctrl Pts',(2.57091998525757,2.89996979771955,-37.4537626977322));
#1911=CARTESIAN_POINT('Ctrl Pts',(2.64015584847501,2.64015584847501,-37.4414685945592));
#1912=CARTESIAN_POINT('Ctrl Pts',(2.63088988043478,2.6589335100242,-37.4464313680517));
#1913=CARTESIAN_POINT('Ctrl Pts',(2.61540002762516,2.7009304028913,-37.4559396399788));
#1914=CARTESIAN_POINT('Ctrl Pts',(2.5988296709771,2.80454182669502,-37.4715946521204));
#1915=CARTESIAN_POINT('Ctrl Pts',(2.59690567519954,2.8680031986018,-37.4739724818595));
#1916=CARTESIAN_POINT('Ctrl Pts',(2.59885093268807,2.89996979771955,-37.475194803667));
#1917=CARTESIAN_POINT('Ctrl Pts',(2.69511019278758,2.69511019278758,-37.4863003616046));
#1918=CARTESIAN_POINT('Ctrl Pts',(2.68489706360026,2.71374760865105,-37.4881789096494));
#1919=CARTESIAN_POINT('Ctrl Pts',(2.66796726941553,2.75618507081615,-37.4923718743538));
#1920=CARTESIAN_POINT('Ctrl Pts',(2.64835178539026,2.83043725428665,-37.4950565134147));
#1921=CARTESIAN_POINT('Ctrl Pts',(2.64540194090518,2.87557329928239,-37.4948934323861));
#1922=CARTESIAN_POINT('Ctrl Pts',(2.64764175770537,2.89996979771955,-37.4954046251085));
#1923=CARTESIAN_POINT('Ctrl Pts',(2.73915707885432,2.73915707885432,-37.5));
#1924=CARTESIAN_POINT('Ctrl Pts',(2.72688753800645,2.75358358846499,-37.5));
#1925=CARTESIAN_POINT('Ctrl Pts',(2.70545505751358,2.78548987135212,-37.5));
#1926=CARTESIAN_POINT('Ctrl Pts',(2.68490831869366,2.84117795465594,-37.5));
#1927=CARTESIAN_POINT('Ctrl Pts',(2.68157708011783,2.88025346148858,-37.5));
#1928=CARTESIAN_POINT('Ctrl Pts',(2.68254670748005,2.89996979771955,-37.5));
#1929=CARTESIAN_POINT('Ctrl Pts',(2.75856979771955,2.75856979771955,-37.5));
#1930=CARTESIAN_POINT('Ctrl Pts',(2.74623031990795,2.77090927553115,-37.5));
#1931=CARTESIAN_POINT('Ctrl Pts',(2.72480145046551,2.79883600507011,-37.5));
#1932=CARTESIAN_POINT('Ctrl Pts',(2.70459468093745,2.84761946211651,-37.5));
#1933=CARTESIAN_POINT('Ctrl Pts',(2.7,2.88251914084578,-37.5));
#1934=CARTESIAN_POINT('Ctrl Pts',(2.7,2.89996979771955,-37.5));
#1935=CARTESIAN_POINT('',(2.75856979771955,2.75856979771955,-37.5));
#1936=CARTESIAN_POINT('Ctrl Pts',(2.60976827032111,2.60976827032111,-37.3902317296789));
#1937=CARTESIAN_POINT('Ctrl Pts',(2.61924182744883,2.61924182744883,-37.4091788439343));
#1938=CARTESIAN_POINT('Ctrl Pts',(2.64015584847501,2.64015584847501,-37.4414685945592));
#1939=CARTESIAN_POINT('Ctrl Pts',(2.69511019278758,2.69511019278758,-37.4863003616046));
#1940=CARTESIAN_POINT('Ctrl Pts',(2.73915707885432,2.73915707885432,-37.5));
#1941=CARTESIAN_POINT('Ctrl Pts',(2.75856979771955,2.75856979771955,-37.5));
#1942=CARTESIAN_POINT('',(2.7,2.89996979771955,-37.5));
#1943=CARTESIAN_POINT('Origin',(2.89996979771955,2.89996979771955,-37.5));
#1944=CARTESIAN_POINT('Origin',(2.7,2.89996979771955,-37.3));
#1945=CARTESIAN_POINT('Ctrl Pts',(173.390231729679,2.6097682703211,-37.3902317296789));
#1946=CARTESIAN_POINT('Ctrl Pts',(173.399705286807,2.60029471319338,-37.3712846154234));
#1947=CARTESIAN_POINT('Ctrl Pts',(173.41542730622,2.58457269378012,-37.3303021898474));
#1948=CARTESIAN_POINT('Ctrl Pts',(173.436751753785,2.56324824621494,-37.2225794634438));
#1949=CARTESIAN_POINT('Ctrl Pts',(173.441421356237,2.55857864376269,-37.138852125816));
#1950=CARTESIAN_POINT('Ctrl Pts',(173.441421356237,2.55857864376269,-37.1000302022804));
#1951=CARTESIAN_POINT('Ctrl Pts',(173.380758172551,2.59082115606565,-37.3807581725512));
#1952=CARTESIAN_POINT('Ctrl Pts',(173.390114451503,2.58328788765694,-37.3619760044939));
#1953=CARTESIAN_POINT('Ctrl Pts',(173.405889169682,2.57029395947278,-37.3210127980369));
#1954=CARTESIAN_POINT('Ctrl Pts',(173.426106682508,2.55103462871924,-37.2144656552888));
#1955=CARTESIAN_POINT('Ctrl Pts',(173.429765644826,2.54692293235085,-37.1366953522863));
#1956=CARTESIAN_POINT('Ctrl Pts',(173.429080014742,2.5462373022678,-37.1000302022804));
#1957=CARTESIAN_POINT('Ctrl Pts',(173.359844151525,2.55853140544082,-37.359844151525));
#1958=CARTESIAN_POINT('Ctrl Pts',(173.369110119565,2.55356863194831,-37.3410664899758));
#1959=CARTESIAN_POINT('Ctrl Pts',(173.384599972375,2.54406036002121,-37.2990695971087));
#1960=CARTESIAN_POINT('Ctrl Pts',(173.401170329023,2.52840534787963,-37.1954581733049));
#1961=CARTESIAN_POINT('Ctrl Pts',(173.403094324801,2.52602751814053,-37.1319968013982));
#1962=CARTESIAN_POINT('Ctrl Pts',(173.401149067312,2.524805196333,-37.1000302022805));
#1963=CARTESIAN_POINT('Ctrl Pts',(173.304889807212,2.51369963839537,-37.3048898072124));
#1964=CARTESIAN_POINT('Ctrl Pts',(173.3151029364,2.51182109035054,-37.2862523913489));
#1965=CARTESIAN_POINT('Ctrl Pts',(173.332032730584,2.5076281256462,-37.2438149291838));
#1966=CARTESIAN_POINT('Ctrl Pts',(173.35164821461,2.50494348658534,-37.1695627457134));
#1967=CARTESIAN_POINT('Ctrl Pts',(173.354598059095,2.50510656761387,-37.1244267007176));
#1968=CARTESIAN_POINT('Ctrl Pts',(173.352358242295,2.50459537489146,-37.1000302022804));
#1969=CARTESIAN_POINT('Ctrl Pts',(173.260842921146,2.5,-37.2608429211457));
#1970=CARTESIAN_POINT('Ctrl Pts',(173.273112461993,2.5,-37.246416411535));
#1971=CARTESIAN_POINT('Ctrl Pts',(173.294544942486,2.5,-37.2145101286479));
#1972=CARTESIAN_POINT('Ctrl Pts',(173.315091681306,2.5,-37.158822045344));
#1973=CARTESIAN_POINT('Ctrl Pts',(173.318422919882,2.5,-37.1197465385114));
#1974=CARTESIAN_POINT('Ctrl Pts',(173.31745329252,2.5,-37.1000302022804));
#1975=CARTESIAN_POINT('Ctrl Pts',(173.24143020228,2.5,-37.2414302022804));
#1976=CARTESIAN_POINT('Ctrl Pts',(173.253769680092,2.5,-37.2290907244688));
#1977=CARTESIAN_POINT('Ctrl Pts',(173.275198549534,2.5,-37.2011639949299));
#1978=CARTESIAN_POINT('Ctrl Pts',(173.295405319063,2.5,-37.1523805378835));
#1979=CARTESIAN_POINT('Ctrl Pts',(173.3,2.5,-37.1174808591542));
#1980=CARTESIAN_POINT('Ctrl Pts',(173.3,2.5,-37.1000302022804));
#1981=CARTESIAN_POINT('',(173.390231729679,2.6097682703211,-37.3902317296789));
#1982=CARTESIAN_POINT('',(173.441421356237,2.55857864376269,-37.1000302022804));
#1983=CARTESIAN_POINT('Ctrl Pts',(173.390231729679,2.6097682703211,-37.3902317296789));
#1984=CARTESIAN_POINT('Ctrl Pts',(173.399705286807,2.60029471319338,-37.3712846154234));
#1985=CARTESIAN_POINT('Ctrl Pts',(173.41542730622,2.58457269378012,-37.3303021898474));
#1986=CARTESIAN_POINT('Ctrl Pts',(173.436751753785,2.56324824621494,-37.2225794634438));
#1987=CARTESIAN_POINT('Ctrl Pts',(173.441421356237,2.55857864376269,-37.138852125816));
#1988=CARTESIAN_POINT('Ctrl Pts',(173.441421356237,2.55857864376269,-37.1000302022804));
#1989=CARTESIAN_POINT('',(173.24143020228,2.5,-37.2414302022804));
#1990=CARTESIAN_POINT('Ctrl Pts',(173.390231729679,2.6097682703211,-37.3902317296789));
#1991=CARTESIAN_POINT('Ctrl Pts',(173.380758172551,2.59082115606565,-37.3807581725512));
#1992=CARTESIAN_POINT('Ctrl Pts',(173.359844151525,2.55853140544082,-37.359844151525));
#1993=CARTESIAN_POINT('Ctrl Pts',(173.304889807212,2.51369963839537,-37.3048898072124));
#1994=CARTESIAN_POINT('Ctrl Pts',(173.260842921146,2.5,-37.2608429211457));
#1995=CARTESIAN_POINT('Ctrl Pts',(173.24143020228,2.5,-37.2414302022804));
#1996=CARTESIAN_POINT('',(173.3,2.5,-37.1000302022804));
#1997=CARTESIAN_POINT('Origin',(173.10003020228,2.5,-37.1000302022804));
#1998=CARTESIAN_POINT('Origin',(173.3,2.7,-37.1000302022804));
#1999=CARTESIAN_POINT('Ctrl Pts',(173.390231729679,2.6097682703211,-37.3902317296789));
#2000=CARTESIAN_POINT('Ctrl Pts',(173.380758172551,2.59082115606565,-37.3807581725512));
#2001=CARTESIAN_POINT('Ctrl Pts',(173.359844151525,2.55853140544082,-37.359844151525));
#2002=CARTESIAN_POINT('Ctrl Pts',(173.304889807212,2.51369963839537,-37.3048898072124));
#2003=CARTESIAN_POINT('Ctrl Pts',(173.260842921146,2.5,-37.2608429211457));
#2004=CARTESIAN_POINT('Ctrl Pts',(173.24143020228,2.5,-37.2414302022804));
#2005=CARTESIAN_POINT('Ctrl Pts',(173.371284615423,2.60029471319337,-37.3997052868066));
#2006=CARTESIAN_POINT('Ctrl Pts',(173.361976004494,2.58328788765694,-37.390114451503));
#2007=CARTESIAN_POINT('Ctrl Pts',(173.341066489976,2.55356863194831,-37.3691101195652));
#2008=CARTESIAN_POINT('Ctrl Pts',(173.286252391349,2.51182109035054,-37.3151029363997));
#2009=CARTESIAN_POINT('Ctrl Pts',(173.246416411535,2.5,-37.2731124619935));
#2010=CARTESIAN_POINT('Ctrl Pts',(173.229090724469,2.5,-37.253769680092));
#2011=CARTESIAN_POINT('Ctrl Pts',(173.330302189847,2.58457269378012,-37.4154273062199));
#2012=CARTESIAN_POINT('Ctrl Pts',(173.321012798037,2.57029395947278,-37.4058891696817));
#2013=CARTESIAN_POINT('Ctrl Pts',(173.299069597109,2.54406036002121,-37.3845999723748));
#2014=CARTESIAN_POINT('Ctrl Pts',(173.243814929184,2.5076281256462,-37.3320327305845));
#2015=CARTESIAN_POINT('Ctrl Pts',(173.214510128648,2.5,-37.2945449424864));
#2016=CARTESIAN_POINT('Ctrl Pts',(173.20116399493,2.5,-37.2751985495345));
#2017=CARTESIAN_POINT('Ctrl Pts',(173.222579463444,2.56324824621493,-37.436751753785));
#2018=CARTESIAN_POINT('Ctrl Pts',(173.214465655289,2.55103462871923,-37.426106682508));
#2019=CARTESIAN_POINT('Ctrl Pts',(173.195458173305,2.52840534787963,-37.4011703290229));
#2020=CARTESIAN_POINT('Ctrl Pts',(173.169562745713,2.50494348658534,-37.3516482146097));
#2021=CARTESIAN_POINT('Ctrl Pts',(173.158822045344,2.5,-37.3150916813063));
#2022=CARTESIAN_POINT('Ctrl Pts',(173.152380537883,2.5,-37.2954053190625));
#2023=CARTESIAN_POINT('Ctrl Pts',(173.138852125816,2.55857864376268,-37.4414213562373));
#2024=CARTESIAN_POINT('Ctrl Pts',(173.136695352286,2.54692293235085,-37.4297656448255));
#2025=CARTESIAN_POINT('Ctrl Pts',(173.131996801398,2.52602751814052,-37.4030943248005));
#2026=CARTESIAN_POINT('Ctrl Pts',(173.124426700718,2.50510656761386,-37.3545980590948));
#2027=CARTESIAN_POINT('Ctrl Pts',(173.119746538511,2.5,-37.3184229198822));
#2028=CARTESIAN_POINT('Ctrl Pts',(173.117480859154,2.5,-37.3));
#2029=CARTESIAN_POINT('Ctrl Pts',(173.10003020228,2.55857864376268,-37.4414213562373));
#2030=CARTESIAN_POINT('Ctrl Pts',(173.10003020228,2.5462373022678,-37.4290800147424));
#2031=CARTESIAN_POINT('Ctrl Pts',(173.10003020228,2.524805196333,-37.4011490673119));
#2032=CARTESIAN_POINT('Ctrl Pts',(173.10003020228,2.50459537489146,-37.3523582422946));
#2033=CARTESIAN_POINT('Ctrl Pts',(173.10003020228,2.5,-37.3174532925199));
#2034=CARTESIAN_POINT('Ctrl Pts',(173.10003020228,2.5,-37.3));
#2035=CARTESIAN_POINT('',(173.10003020228,2.55857864376268,-37.4414213562373));
#2036=CARTESIAN_POINT('Ctrl Pts',(173.390231729679,2.6097682703211,-37.3902317296789));
#2037=CARTESIAN_POINT('Ctrl Pts',(173.371284615423,2.60029471319337,-37.3997052868066));
#2038=CARTESIAN_POINT('Ctrl Pts',(173.330302189847,2.58457269378012,-37.4154273062199));
#2039=CARTESIAN_POINT('Ctrl Pts',(173.222579463444,2.56324824621493,-37.4367517537851));
#2040=CARTESIAN_POINT('Ctrl Pts',(173.138852125816,2.55857864376268,-37.4414213562373));
#2041=CARTESIAN_POINT('Ctrl Pts',(173.10003020228,2.55857864376268,-37.4414213562373));
#2042=CARTESIAN_POINT('',(173.10003020228,2.5,-37.3));
#2043=CARTESIAN_POINT('Origin',(173.10003020228,2.7,-37.3));
#2044=CARTESIAN_POINT('Origin',(173.10003020228,2.5,-37.1000302022804));
#2045=CARTESIAN_POINT('Ctrl Pts',(173.390231729679,2.6097682703211,-37.3902317296789));
#2046=CARTESIAN_POINT('Ctrl Pts',(173.371284615423,2.60029471319337,-37.3997052868066));
#2047=CARTESIAN_POINT('Ctrl Pts',(173.330302189847,2.58457269378012,-37.4154273062199));
#2048=CARTESIAN_POINT('Ctrl Pts',(173.222579463444,2.56324824621493,-37.4367517537851));
#2049=CARTESIAN_POINT('Ctrl Pts',(173.138852125816,2.55857864376268,-37.4414213562373));
#2050=CARTESIAN_POINT('Ctrl Pts',(173.10003020228,2.55857864376268,-37.4414213562373));
#2051=CARTESIAN_POINT('Ctrl Pts',(173.380758172551,2.61924182744883,-37.4091788439343));
#2052=CARTESIAN_POINT('Ctrl Pts',(173.361976004494,2.60988554849703,-37.416712112343));
#2053=CARTESIAN_POINT('Ctrl Pts',(173.321012798037,2.59411083031835,-37.4297060405272));
#2054=CARTESIAN_POINT('Ctrl Pts',(173.214465655289,2.57389331749197,-37.4489653712808));
#2055=CARTESIAN_POINT('Ctrl Pts',(173.136695352286,2.57023435517451,-37.4530770676491));
#2056=CARTESIAN_POINT('Ctrl Pts',(173.10003020228,2.57091998525756,-37.4537626977322));
#2057=CARTESIAN_POINT('Ctrl Pts',(173.359844151525,2.64015584847501,-37.4414685945592));
#2058=CARTESIAN_POINT('Ctrl Pts',(173.341066489976,2.63088988043477,-37.4464313680517));
#2059=CARTESIAN_POINT('Ctrl Pts',(173.299069597109,2.61540002762515,-37.4559396399788));
#2060=CARTESIAN_POINT('Ctrl Pts',(173.195458173305,2.59882967097709,-37.4715946521203));
#2061=CARTESIAN_POINT('Ctrl Pts',(173.131996801398,2.59690567519952,-37.4739724818595));
#2062=CARTESIAN_POINT('Ctrl Pts',(173.10003020228,2.59885093268806,-37.475194803667));
#2063=CARTESIAN_POINT('Ctrl Pts',(173.304889807212,2.69511019278757,-37.4863003616046));
#2064=CARTESIAN_POINT('Ctrl Pts',(173.286252391349,2.68489706360025,-37.4881789096494));
#2065=CARTESIAN_POINT('Ctrl Pts',(173.243814929184,2.66796726941551,-37.4923718743538));
#2066=CARTESIAN_POINT('Ctrl Pts',(173.169562745713,2.64835178539024,-37.4950565134147));
#2067=CARTESIAN_POINT('Ctrl Pts',(173.124426700718,2.64540194090517,-37.4948934323861));
#2068=CARTESIAN_POINT('Ctrl Pts',(173.100030202281,2.64764175770536,-37.4954046251085));
#2069=CARTESIAN_POINT('Ctrl Pts',(173.260842921146,2.7391570788543,-37.5));
#2070=CARTESIAN_POINT('Ctrl Pts',(173.246416411535,2.72688753800643,-37.5));
#2071=CARTESIAN_POINT('Ctrl Pts',(173.214510128648,2.70545505751357,-37.5));
#2072=CARTESIAN_POINT('Ctrl Pts',(173.158822045344,2.68490831869364,-37.5));
#2073=CARTESIAN_POINT('Ctrl Pts',(173.119746538511,2.68157708011782,-37.5));
#2074=CARTESIAN_POINT('Ctrl Pts',(173.10003020228,2.68254670748004,-37.5));
#2075=CARTESIAN_POINT('Ctrl Pts',(173.24143020228,2.75856979771954,-37.5));
#2076=CARTESIAN_POINT('Ctrl Pts',(173.229090724469,2.74623031990794,-37.5));
#2077=CARTESIAN_POINT('Ctrl Pts',(173.20116399493,2.7248014504655,-37.5));
#2078=CARTESIAN_POINT('Ctrl Pts',(173.152380537883,2.70459468093743,-37.5));
#2079=CARTESIAN_POINT('Ctrl Pts',(173.117480859154,2.69999999999998,-37.5));
#2080=CARTESIAN_POINT('Ctrl Pts',(173.10003020228,2.69999999999998,-37.5));
#2081=CARTESIAN_POINT('',(173.24143020228,2.75856979771954,-37.5));
#2082=CARTESIAN_POINT('Ctrl Pts',(173.390231729679,2.6097682703211,-37.3902317296789));
#2083=CARTESIAN_POINT('Ctrl Pts',(173.380758172551,2.61924182744883,-37.4091788439343));
#2084=CARTESIAN_POINT('Ctrl Pts',(173.359844151525,2.64015584847501,-37.4414685945592));
#2085=CARTESIAN_POINT('Ctrl Pts',(173.304889807212,2.69511019278757,-37.4863003616046));
#2086=CARTESIAN_POINT('Ctrl Pts',(173.260842921146,2.7391570788543,-37.5));
#2087=CARTESIAN_POINT('Ctrl Pts',(173.24143020228,2.75856979771954,-37.5));
#2088=CARTESIAN_POINT('',(173.10003020228,2.7,-37.5));
#2089=CARTESIAN_POINT('Origin',(173.10003020228,2.89996979771955,-37.5));
#2090=CARTESIAN_POINT('Origin',(173.10003020228,2.7,-37.3));
#2091=CARTESIAN_POINT('Ctrl Pts',(173.390231729679,2.6097682703211,-37.3902317296789));
#2092=CARTESIAN_POINT('Ctrl Pts',(173.380758172551,2.61924182744883,-37.4091788439343));
#2093=CARTESIAN_POINT('Ctrl Pts',(173.359844151525,2.64015584847501,-37.4414685945592));
#2094=CARTESIAN_POINT('Ctrl Pts',(173.304889807212,2.69511019278757,-37.4863003616046));
#2095=CARTESIAN_POINT('Ctrl Pts',(173.260842921146,2.7391570788543,-37.5));
#2096=CARTESIAN_POINT('Ctrl Pts',(173.24143020228,2.75856979771954,-37.5));
#2097=CARTESIAN_POINT('Ctrl Pts',(173.399705286807,2.62871538457656,-37.3997052868066));
#2098=CARTESIAN_POINT('Ctrl Pts',(173.390114451503,2.63802399550604,-37.416712112343));
#2099=CARTESIAN_POINT('Ctrl Pts',(173.369110119565,2.6589335100242,-37.4464313680517));
#2100=CARTESIAN_POINT('Ctrl Pts',(173.3151029364,2.71374760865104,-37.4881789096494));
#2101=CARTESIAN_POINT('Ctrl Pts',(173.273112461994,2.75358358846498,-37.5));
#2102=CARTESIAN_POINT('Ctrl Pts',(173.253769680092,2.77090927553114,-37.5));
#2103=CARTESIAN_POINT('Ctrl Pts',(173.41542730622,2.66969781015255,-37.4154273062199));
#2104=CARTESIAN_POINT('Ctrl Pts',(173.405889169682,2.67898720196306,-37.4297060405272));
#2105=CARTESIAN_POINT('Ctrl Pts',(173.384599972375,2.70093040289129,-37.4559396399788));
#2106=CARTESIAN_POINT('Ctrl Pts',(173.332032730585,2.75618507081615,-37.4923718743538));
#2107=CARTESIAN_POINT('Ctrl Pts',(173.294544942486,2.78548987135211,-37.5));
#2108=CARTESIAN_POINT('Ctrl Pts',(173.275198549535,2.7988360050701,-37.5));
#2109=CARTESIAN_POINT('Ctrl Pts',(173.436751753785,2.7774205365562,-37.436751753785));
#2110=CARTESIAN_POINT('Ctrl Pts',(173.426106682508,2.78553434471118,-37.4489653712807));
#2111=CARTESIAN_POINT('Ctrl Pts',(173.401170329023,2.80454182669502,-37.4715946521204));
#2112=CARTESIAN_POINT('Ctrl Pts',(173.35164821461,2.83043725428664,-37.4950565134147));
#2113=CARTESIAN_POINT('Ctrl Pts',(173.315091681306,2.84117795465594,-37.5));
#2114=CARTESIAN_POINT('Ctrl Pts',(173.295405319063,2.84761946211651,-37.5));
#2115=CARTESIAN_POINT('Ctrl Pts',(173.441421356237,2.86114787418398,-37.4414213562373));
#2116=CARTESIAN_POINT('Ctrl Pts',(173.429765644826,2.86330464771373,-37.4530770676491));
#2117=CARTESIAN_POINT('Ctrl Pts',(173.4030943248,2.86800319860179,-37.4739724818595));
#2118=CARTESIAN_POINT('Ctrl Pts',(173.354598059095,2.87557329928239,-37.4948934323861));
#2119=CARTESIAN_POINT('Ctrl Pts',(173.318422919882,2.88025346148858,-37.5));
#2120=CARTESIAN_POINT('Ctrl Pts',(173.3,2.88251914084578,-37.5));
#2121=CARTESIAN_POINT('Ctrl Pts',(173.441421356237,2.89996979771955,-37.4414213562373));
#2122=CARTESIAN_POINT('Ctrl Pts',(173.429080014742,2.89996979771955,-37.4537626977322));
#2123=CARTESIAN_POINT('Ctrl Pts',(173.401149067312,2.89996979771955,-37.475194803667));
#2124=CARTESIAN_POINT('Ctrl Pts',(173.352358242295,2.89996979771955,-37.4954046251085));
#2125=CARTESIAN_POINT('Ctrl Pts',(173.31745329252,2.89996979771955,-37.5));
#2126=CARTESIAN_POINT('Ctrl Pts',(173.3,2.89996979771955,-37.5));
#2127=CARTESIAN_POINT('',(173.441421356237,2.89996979771955,-37.4414213562373));
#2128=CARTESIAN_POINT('Ctrl Pts',(173.390231729679,2.6097682703211,-37.3902317296789));
#2129=CARTESIAN_POINT('Ctrl Pts',(173.399705286807,2.62871538457656,-37.3997052868066));
#2130=CARTESIAN_POINT('Ctrl Pts',(173.41542730622,2.66969781015255,-37.4154273062199));
#2131=CARTESIAN_POINT('Ctrl Pts',(173.436751753785,2.7774205365562,-37.436751753785));
#2132=CARTESIAN_POINT('Ctrl Pts',(173.441421356237,2.86114787418398,-37.4414213562373));
#2133=CARTESIAN_POINT('Ctrl Pts',(173.441421356237,2.89996979771955,-37.4414213562373));
#2134=CARTESIAN_POINT('',(173.3,2.89996979771955,-37.5));
#2135=CARTESIAN_POINT('Origin',(173.3,2.89996979771955,-37.3));
#2136=CARTESIAN_POINT('Origin',(173.10003020228,2.89996979771955,-37.5));
#2137=CARTESIAN_POINT('Ctrl Pts',(173.390231729679,2.6097682703211,-37.3902317296789));
#2138=CARTESIAN_POINT('Ctrl Pts',(173.399705286807,2.62871538457656,-37.3997052868066));
#2139=CARTESIAN_POINT('Ctrl Pts',(173.41542730622,2.66969781015255,-37.4154273062199));
#2140=CARTESIAN_POINT('Ctrl Pts',(173.436751753785,2.7774205365562,-37.436751753785));
#2141=CARTESIAN_POINT('Ctrl Pts',(173.441421356237,2.86114787418398,-37.4414213562373));
#2142=CARTESIAN_POINT('Ctrl Pts',(173.441421356237,2.89996979771955,-37.4414213562373));
#2143=CARTESIAN_POINT('Ctrl Pts',(173.409178843934,2.61924182744883,-37.3807581725512));
#2144=CARTESIAN_POINT('Ctrl Pts',(173.416712112343,2.63802399550604,-37.390114451503));
#2145=CARTESIAN_POINT('Ctrl Pts',(173.429706040527,2.67898720196306,-37.4058891696816));
#2146=CARTESIAN_POINT('Ctrl Pts',(173.448965371281,2.78553434471119,-37.426106682508));
#2147=CARTESIAN_POINT('Ctrl Pts',(173.453077067649,2.86330464771374,-37.4297656448255));
#2148=CARTESIAN_POINT('Ctrl Pts',(173.453762697732,2.89996979771955,-37.4290800147424));
#2149=CARTESIAN_POINT('Ctrl Pts',(173.441468594559,2.64015584847501,-37.359844151525));
#2150=CARTESIAN_POINT('Ctrl Pts',(173.446431368052,2.6589335100242,-37.3691101195652));
#2151=CARTESIAN_POINT('Ctrl Pts',(173.455939639979,2.70093040289129,-37.3845999723748));
#2152=CARTESIAN_POINT('Ctrl Pts',(173.471594652121,2.80454182669502,-37.4011703290229));
#2153=CARTESIAN_POINT('Ctrl Pts',(173.47397248186,2.8680031986018,-37.4030943248005));
#2154=CARTESIAN_POINT('Ctrl Pts',(173.475194803667,2.89996979771955,-37.4011490673119));
#2155=CARTESIAN_POINT('Ctrl Pts',(173.486300361605,2.69511019278758,-37.3048898072124));
#2156=CARTESIAN_POINT('Ctrl Pts',(173.488178909649,2.71374760865105,-37.3151029363997));
#2157=CARTESIAN_POINT('Ctrl Pts',(173.492371874354,2.75618507081615,-37.3320327305844));
#2158=CARTESIAN_POINT('Ctrl Pts',(173.495056513415,2.83043725428665,-37.3516482146097));
#2159=CARTESIAN_POINT('Ctrl Pts',(173.494893432386,2.87557329928239,-37.3545980590948));
#2160=CARTESIAN_POINT('Ctrl Pts',(173.495404625109,2.89996979771955,-37.3523582422946));
#2161=CARTESIAN_POINT('Ctrl Pts',(173.5,2.73915707885432,-37.2608429211457));
#2162=CARTESIAN_POINT('Ctrl Pts',(173.5,2.75358358846499,-37.2731124619935));
#2163=CARTESIAN_POINT('Ctrl Pts',(173.5,2.78548987135212,-37.2945449424864));
#2164=CARTESIAN_POINT('Ctrl Pts',(173.5,2.84117795465594,-37.3150916813063));
#2165=CARTESIAN_POINT('Ctrl Pts',(173.5,2.88025346148858,-37.3184229198822));
#2166=CARTESIAN_POINT('Ctrl Pts',(173.5,2.89996979771955,-37.3174532925199));
#2167=CARTESIAN_POINT('Ctrl Pts',(173.5,2.75856979771955,-37.2414302022804));
#2168=CARTESIAN_POINT('Ctrl Pts',(173.5,2.77090927553115,-37.253769680092));
#2169=CARTESIAN_POINT('Ctrl Pts',(173.5,2.79883600507011,-37.2751985495345));
#2170=CARTESIAN_POINT('Ctrl Pts',(173.5,2.84761946211651,-37.2954053190625));
#2171=CARTESIAN_POINT('Ctrl Pts',(173.5,2.88251914084578,-37.3));
#2172=CARTESIAN_POINT('Ctrl Pts',(173.5,2.89996979771955,-37.3));
#2173=CARTESIAN_POINT('',(173.5,2.75856979771955,-37.2414302022804));
#2174=CARTESIAN_POINT('Ctrl Pts',(173.390231729679,2.6097682703211,-37.3902317296789));
#2175=CARTESIAN_POINT('Ctrl Pts',(173.409178843934,2.61924182744883,-37.3807581725512));
#2176=CARTESIAN_POINT('Ctrl Pts',(173.441468594559,2.64015584847501,-37.359844151525));
#2177=CARTESIAN_POINT('Ctrl Pts',(173.486300361605,2.69511019278758,-37.3048898072124));
#2178=CARTESIAN_POINT('Ctrl Pts',(173.5,2.73915707885432,-37.2608429211457));
#2179=CARTESIAN_POINT('Ctrl Pts',(173.5,2.75856979771955,-37.2414302022804));
#2180=CARTESIAN_POINT('',(173.5,2.89996979771955,-37.3));
#2181=CARTESIAN_POINT('Origin',(173.5,2.89996979771955,-37.1000302022804));
#2182=CARTESIAN_POINT('Origin',(173.3,2.89996979771955,-37.3));
#2183=CARTESIAN_POINT('Ctrl Pts',(2.60976827032111,173.390231729679,-37.3902317296789));
#2184=CARTESIAN_POINT('Ctrl Pts',(2.62871538457656,173.399705286807,-37.3997052868066));
#2185=CARTESIAN_POINT('Ctrl Pts',(2.66969781015256,173.41542730622,-37.4154273062199));
#2186=CARTESIAN_POINT('Ctrl Pts',(2.7774205365562,173.436751753785,-37.4367517537851));
#2187=CARTESIAN_POINT('Ctrl Pts',(2.86114787418398,173.441421356237,-37.4414213562373));
#2188=CARTESIAN_POINT('Ctrl Pts',(2.89996979771955,173.441421356237,-37.4414213562373));
#2189=CARTESIAN_POINT('Ctrl Pts',(2.61924182744883,173.380758172551,-37.4091788439343));
#2190=CARTESIAN_POINT('Ctrl Pts',(2.63802399550604,173.390114451503,-37.4167121123431));
#2191=CARTESIAN_POINT('Ctrl Pts',(2.67898720196306,173.405889169682,-37.4297060405272));
#2192=CARTESIAN_POINT('Ctrl Pts',(2.78553434471119,173.426106682508,-37.4489653712808));
#2193=CARTESIAN_POINT('Ctrl Pts',(2.86330464771374,173.429765644825,-37.4530770676491));
#2194=CARTESIAN_POINT('Ctrl Pts',(2.89996979771955,173.429080014742,-37.4537626977322));
#2195=CARTESIAN_POINT('Ctrl Pts',(2.64015584847501,173.359844151525,-37.4414685945592));
#2196=CARTESIAN_POINT('Ctrl Pts',(2.6589335100242,173.369110119565,-37.4464313680517));
#2197=CARTESIAN_POINT('Ctrl Pts',(2.7009304028913,173.384599972375,-37.4559396399788));
#2198=CARTESIAN_POINT('Ctrl Pts',(2.80454182669502,173.401170329023,-37.4715946521203));
#2199=CARTESIAN_POINT('Ctrl Pts',(2.8680031986018,173.403094324801,-37.4739724818595));
#2200=CARTESIAN_POINT('Ctrl Pts',(2.89996979771955,173.401149067312,-37.475194803667));
#2201=CARTESIAN_POINT('Ctrl Pts',(2.69511019278758,173.304889807212,-37.4863003616046));
#2202=CARTESIAN_POINT('Ctrl Pts',(2.71374760865105,173.3151029364,-37.4881789096494));
#2203=CARTESIAN_POINT('Ctrl Pts',(2.75618507081615,173.332032730584,-37.4923718743538));
#2204=CARTESIAN_POINT('Ctrl Pts',(2.83043725428665,173.35164821461,-37.4950565134147));
#2205=CARTESIAN_POINT('Ctrl Pts',(2.87557329928239,173.354598059095,-37.4948934323861));
#2206=CARTESIAN_POINT('Ctrl Pts',(2.89996979771955,173.352358242295,-37.4954046251085));
#2207=CARTESIAN_POINT('Ctrl Pts',(2.73915707885432,173.260842921146,-37.5));
#2208=CARTESIAN_POINT('Ctrl Pts',(2.75358358846499,173.273112461993,-37.5));
#2209=CARTESIAN_POINT('Ctrl Pts',(2.78548987135212,173.294544942486,-37.5));
#2210=CARTESIAN_POINT('Ctrl Pts',(2.84117795465594,173.315091681306,-37.5));
#2211=CARTESIAN_POINT('Ctrl Pts',(2.88025346148858,173.318422919882,-37.5));
#2212=CARTESIAN_POINT('Ctrl Pts',(2.89996979771955,173.31745329252,-37.5));
#2213=CARTESIAN_POINT('Ctrl Pts',(2.75856979771955,173.24143020228,-37.5));
#2214=CARTESIAN_POINT('Ctrl Pts',(2.77090927553115,173.253769680092,-37.5));
#2215=CARTESIAN_POINT('Ctrl Pts',(2.79883600507011,173.275198549534,-37.5));
#2216=CARTESIAN_POINT('Ctrl Pts',(2.84761946211651,173.295405319063,-37.5));
#2217=CARTESIAN_POINT('Ctrl Pts',(2.88251914084578,173.3,-37.5));
#2218=CARTESIAN_POINT('Ctrl Pts',(2.89996979771955,173.3,-37.5));
#2219=CARTESIAN_POINT('',(2.60976827032111,173.390231729679,-37.3902317296789));
#2220=CARTESIAN_POINT('',(2.89996979771955,173.441421356237,-37.4414213562373));
#2221=CARTESIAN_POINT('Ctrl Pts',(2.60976827032111,173.390231729679,-37.3902317296789));
#2222=CARTESIAN_POINT('Ctrl Pts',(2.62871538457656,173.399705286807,-37.3997052868066));
#2223=CARTESIAN_POINT('Ctrl Pts',(2.66969781015256,173.41542730622,-37.4154273062199));
#2224=CARTESIAN_POINT('Ctrl Pts',(2.7774205365562,173.436751753785,-37.4367517537851));
#2225=CARTESIAN_POINT('Ctrl Pts',(2.86114787418398,173.441421356237,-37.4414213562373));
#2226=CARTESIAN_POINT('Ctrl Pts',(2.89996979771955,173.441421356237,-37.4414213562373));
#2227=CARTESIAN_POINT('',(2.75856979771955,173.24143020228,-37.5));
#2228=CARTESIAN_POINT('Ctrl Pts',(2.60976827032111,173.390231729679,-37.3902317296789));
#2229=CARTESIAN_POINT('Ctrl Pts',(2.61924182744883,173.380758172551,-37.4091788439343));
#2230=CARTESIAN_POINT('Ctrl Pts',(2.64015584847501,173.359844151525,-37.4414685945592));
#2231=CARTESIAN_POINT('Ctrl Pts',(2.69511019278758,173.304889807212,-37.4863003616046));
#2232=CARTESIAN_POINT('Ctrl Pts',(2.73915707885432,173.260842921146,-37.5));
#2233=CARTESIAN_POINT('Ctrl Pts',(2.75856979771955,173.24143020228,-37.5));
#2234=CARTESIAN_POINT('',(2.89996979771955,173.3,-37.5));
#2235=CARTESIAN_POINT('Origin',(2.89996979771955,173.10003020228,-37.5));
#2236=CARTESIAN_POINT('Origin',(2.89996979771955,173.3,-37.3));
#2237=CARTESIAN_POINT('Ctrl Pts',(2.60976827032111,173.390231729679,-37.3902317296789));
#2238=CARTESIAN_POINT('Ctrl Pts',(2.61924182744883,173.380758172551,-37.4091788439343));
#2239=CARTESIAN_POINT('Ctrl Pts',(2.64015584847501,173.359844151525,-37.4414685945592));
#2240=CARTESIAN_POINT('Ctrl Pts',(2.69511019278758,173.304889807212,-37.4863003616046));
#2241=CARTESIAN_POINT('Ctrl Pts',(2.73915707885432,173.260842921146,-37.5));
#2242=CARTESIAN_POINT('Ctrl Pts',(2.75856979771955,173.24143020228,-37.5));
#2243=CARTESIAN_POINT('Ctrl Pts',(2.60029471319338,173.371284615423,-37.3997052868066));
#2244=CARTESIAN_POINT('Ctrl Pts',(2.60988554849704,173.361976004494,-37.416712112343));
#2245=CARTESIAN_POINT('Ctrl Pts',(2.63088988043478,173.341066489976,-37.4464313680517));
#2246=CARTESIAN_POINT('Ctrl Pts',(2.68489706360026,173.286252391349,-37.4881789096494));
#2247=CARTESIAN_POINT('Ctrl Pts',(2.72688753800644,173.246416411535,-37.5));
#2248=CARTESIAN_POINT('Ctrl Pts',(2.74623031990795,173.229090724469,-37.5));
#2249=CARTESIAN_POINT('Ctrl Pts',(2.58457269378012,173.330302189847,-37.4154273062199));
#2250=CARTESIAN_POINT('Ctrl Pts',(2.59411083031835,173.321012798037,-37.4297060405272));
#2251=CARTESIAN_POINT('Ctrl Pts',(2.61540002762516,173.299069597109,-37.4559396399788));
#2252=CARTESIAN_POINT('Ctrl Pts',(2.66796726941553,173.243814929184,-37.4923718743538));
#2253=CARTESIAN_POINT('Ctrl Pts',(2.70545505751358,173.214510128648,-37.5));
#2254=CARTESIAN_POINT('Ctrl Pts',(2.72480145046552,173.20116399493,-37.5));
#2255=CARTESIAN_POINT('Ctrl Pts',(2.56324824621494,173.222579463444,-37.436751753785));
#2256=CARTESIAN_POINT('Ctrl Pts',(2.57389331749198,173.214465655289,-37.4489653712807));
#2257=CARTESIAN_POINT('Ctrl Pts',(2.5988296709771,173.195458173305,-37.4715946521204));
#2258=CARTESIAN_POINT('Ctrl Pts',(2.64835178539026,173.169562745713,-37.4950565134146));
#2259=CARTESIAN_POINT('Ctrl Pts',(2.68490831869366,173.158822045344,-37.5));
#2260=CARTESIAN_POINT('Ctrl Pts',(2.70459468093745,173.152380537883,-37.5));
#2261=CARTESIAN_POINT('Ctrl Pts',(2.55857864376269,173.138852125816,-37.4414213562373));
#2262=CARTESIAN_POINT('Ctrl Pts',(2.57023435517452,173.136695352286,-37.4530770676491));
#2263=CARTESIAN_POINT('Ctrl Pts',(2.59690567519954,173.131996801398,-37.4739724818595));
#2264=CARTESIAN_POINT('Ctrl Pts',(2.64540194090518,173.124426700718,-37.4948934323861));
#2265=CARTESIAN_POINT('Ctrl Pts',(2.68157708011783,173.119746538511,-37.5));
#2266=CARTESIAN_POINT('Ctrl Pts',(2.7,173.117480859154,-37.5));
#2267=CARTESIAN_POINT('Ctrl Pts',(2.55857864376269,173.10003020228,-37.4414213562373));
#2268=CARTESIAN_POINT('Ctrl Pts',(2.57091998525757,173.10003020228,-37.4537626977322));
#2269=CARTESIAN_POINT('Ctrl Pts',(2.59885093268807,173.10003020228,-37.475194803667));
#2270=CARTESIAN_POINT('Ctrl Pts',(2.64764175770537,173.10003020228,-37.4954046251085));
#2271=CARTESIAN_POINT('Ctrl Pts',(2.68254670748005,173.10003020228,-37.5));
#2272=CARTESIAN_POINT('Ctrl Pts',(2.7,173.10003020228,-37.5));
#2273=CARTESIAN_POINT('',(2.55857864376269,173.10003020228,-37.4414213562373));
#2274=CARTESIAN_POINT('Ctrl Pts',(2.60976827032111,173.390231729679,-37.3902317296789));
#2275=CARTESIAN_POINT('Ctrl Pts',(2.60029471319338,173.371284615423,-37.3997052868066));
#2276=CARTESIAN_POINT('Ctrl Pts',(2.58457269378012,173.330302189847,-37.4154273062199));
#2277=CARTESIAN_POINT('Ctrl Pts',(2.56324824621494,173.222579463444,-37.4367517537851));
#2278=CARTESIAN_POINT('Ctrl Pts',(2.55857864376269,173.138852125816,-37.4414213562373));
#2279=CARTESIAN_POINT('Ctrl Pts',(2.55857864376269,173.10003020228,-37.4414213562373));
#2280=CARTESIAN_POINT('',(2.7,173.10003020228,-37.5));
#2281=CARTESIAN_POINT('Origin',(2.7,173.10003020228,-37.3));
#2282=CARTESIAN_POINT('Origin',(2.89996979771955,173.10003020228,-37.5));
#2283=CARTESIAN_POINT('Ctrl Pts',(2.60976827032111,173.390231729679,-37.3902317296789));
#2284=CARTESIAN_POINT('Ctrl Pts',(2.60029471319338,173.371284615423,-37.3997052868066));
#2285=CARTESIAN_POINT('Ctrl Pts',(2.58457269378012,173.330302189847,-37.4154273062199));
#2286=CARTESIAN_POINT('Ctrl Pts',(2.56324824621494,173.222579463444,-37.4367517537851));
#2287=CARTESIAN_POINT('Ctrl Pts',(2.55857864376269,173.138852125816,-37.4414213562373));
#2288=CARTESIAN_POINT('Ctrl Pts',(2.55857864376269,173.10003020228,-37.4414213562373));
#2289=CARTESIAN_POINT('Ctrl Pts',(2.59082115606565,173.380758172551,-37.3807581725512));
#2290=CARTESIAN_POINT('Ctrl Pts',(2.58328788765695,173.361976004494,-37.390114451503));
#2291=CARTESIAN_POINT('Ctrl Pts',(2.57029395947278,173.321012798037,-37.4058891696816));
#2292=CARTESIAN_POINT('Ctrl Pts',(2.55103462871923,173.214465655289,-37.426106682508));
#2293=CARTESIAN_POINT('Ctrl Pts',(2.54692293235085,173.136695352286,-37.4297656448255));
#2294=CARTESIAN_POINT('Ctrl Pts',(2.5462373022678,173.10003020228,-37.4290800147424));
#2295=CARTESIAN_POINT('Ctrl Pts',(2.55853140544082,173.359844151525,-37.359844151525));
#2296=CARTESIAN_POINT('Ctrl Pts',(2.55356863194831,173.341066489976,-37.3691101195652));
#2297=CARTESIAN_POINT('Ctrl Pts',(2.54406036002121,173.299069597109,-37.3845999723749));
#2298=CARTESIAN_POINT('Ctrl Pts',(2.52840534787963,173.195458173305,-37.4011703290229));
#2299=CARTESIAN_POINT('Ctrl Pts',(2.52602751814052,173.131996801398,-37.4030943248005));
#2300=CARTESIAN_POINT('Ctrl Pts',(2.524805196333,173.10003020228,-37.4011490673119));
#2301=CARTESIAN_POINT('Ctrl Pts',(2.51369963839537,173.304889807212,-37.3048898072124));
#2302=CARTESIAN_POINT('Ctrl Pts',(2.51182109035054,173.286252391349,-37.3151029363997));
#2303=CARTESIAN_POINT('Ctrl Pts',(2.5076281256462,173.243814929184,-37.3320327305845));
#2304=CARTESIAN_POINT('Ctrl Pts',(2.50494348658534,173.169562745713,-37.3516482146098));
#2305=CARTESIAN_POINT('Ctrl Pts',(2.50510656761387,173.124426700718,-37.3545980590948));
#2306=CARTESIAN_POINT('Ctrl Pts',(2.50459537489146,173.100030202281,-37.3523582422946));
#2307=CARTESIAN_POINT('Ctrl Pts',(2.5,173.260842921146,-37.2608429211457));
#2308=CARTESIAN_POINT('Ctrl Pts',(2.5,173.246416411535,-37.2731124619936));
#2309=CARTESIAN_POINT('Ctrl Pts',(2.5,173.214510128648,-37.2945449424864));
#2310=CARTESIAN_POINT('Ctrl Pts',(2.5,173.158822045344,-37.3150916813064));
#2311=CARTESIAN_POINT('Ctrl Pts',(2.5,173.119746538511,-37.3184229198822));
#2312=CARTESIAN_POINT('Ctrl Pts',(2.5,173.10003020228,-37.31745329252));
#2313=CARTESIAN_POINT('Ctrl Pts',(2.5,173.24143020228,-37.2414302022805));
#2314=CARTESIAN_POINT('Ctrl Pts',(2.5,173.229090724469,-37.2537696800921));
#2315=CARTESIAN_POINT('Ctrl Pts',(2.5,173.20116399493,-37.2751985495345));
#2316=CARTESIAN_POINT('Ctrl Pts',(2.5,173.152380537883,-37.2954053190626));
#2317=CARTESIAN_POINT('Ctrl Pts',(2.5,173.117480859154,-37.3));
#2318=CARTESIAN_POINT('Ctrl Pts',(2.5,173.10003020228,-37.3));
#2319=CARTESIAN_POINT('',(2.5,173.24143020228,-37.2414302022805));
#2320=CARTESIAN_POINT('Ctrl Pts',(2.60976827032111,173.390231729679,-37.3902317296789));
#2321=CARTESIAN_POINT('Ctrl Pts',(2.59082115606565,173.380758172551,-37.3807581725512));
#2322=CARTESIAN_POINT('Ctrl Pts',(2.55853140544082,173.359844151525,-37.359844151525));
#2323=CARTESIAN_POINT('Ctrl Pts',(2.51369963839537,173.304889807212,-37.3048898072124));
#2324=CARTESIAN_POINT('Ctrl Pts',(2.5,173.260842921146,-37.2608429211457));
#2325=CARTESIAN_POINT('Ctrl Pts',(2.5,173.24143020228,-37.2414302022805));
#2326=CARTESIAN_POINT('',(2.5,173.10003020228,-37.3));
#2327=CARTESIAN_POINT('Origin',(2.5,173.10003020228,-37.1000302022804));
#2328=CARTESIAN_POINT('Origin',(2.7,173.10003020228,-37.3));
#2329=CARTESIAN_POINT('Ctrl Pts',(2.60976827032111,173.390231729679,-37.3902317296789));
#2330=CARTESIAN_POINT('Ctrl Pts',(2.59082115606565,173.380758172551,-37.3807581725512));
#2331=CARTESIAN_POINT('Ctrl Pts',(2.55853140544082,173.359844151525,-37.359844151525));
#2332=CARTESIAN_POINT('Ctrl Pts',(2.51369963839537,173.304889807212,-37.3048898072124));
#2333=CARTESIAN_POINT('Ctrl Pts',(2.5,173.260842921146,-37.2608429211457));
#2334=CARTESIAN_POINT('Ctrl Pts',(2.5,173.24143020228,-37.2414302022805));
#2335=CARTESIAN_POINT('Ctrl Pts',(2.60029471319338,173.399705286807,-37.3712846154234));
#2336=CARTESIAN_POINT('Ctrl Pts',(2.58328788765695,173.390114451503,-37.361976004494));
#2337=CARTESIAN_POINT('Ctrl Pts',(2.55356863194831,173.369110119565,-37.3410664899758));
#2338=CARTESIAN_POINT('Ctrl Pts',(2.51182109035055,173.3151029364,-37.286252391349));
#2339=CARTESIAN_POINT('Ctrl Pts',(2.5,173.273112461994,-37.246416411535));
#2340=CARTESIAN_POINT('Ctrl Pts',(2.5,173.253769680092,-37.2290907244688));
#2341=CARTESIAN_POINT('Ctrl Pts',(2.58457269378012,173.41542730622,-37.3303021898474));
#2342=CARTESIAN_POINT('Ctrl Pts',(2.57029395947278,173.405889169682,-37.3210127980369));
#2343=CARTESIAN_POINT('Ctrl Pts',(2.54406036002121,173.384599972375,-37.2990695971087));
#2344=CARTESIAN_POINT('Ctrl Pts',(2.5076281256462,173.332032730585,-37.2438149291838));
#2345=CARTESIAN_POINT('Ctrl Pts',(2.5,173.294544942486,-37.2145101286479));
#2346=CARTESIAN_POINT('Ctrl Pts',(2.5,173.275198549535,-37.2011639949299));
#2347=CARTESIAN_POINT('Ctrl Pts',(2.56324824621494,173.436751753785,-37.2225794634438));
#2348=CARTESIAN_POINT('Ctrl Pts',(2.55103462871923,173.426106682508,-37.2144656552888));
#2349=CARTESIAN_POINT('Ctrl Pts',(2.52840534787963,173.401170329023,-37.195458173305));
#2350=CARTESIAN_POINT('Ctrl Pts',(2.50494348658534,173.35164821461,-37.1695627457133));
#2351=CARTESIAN_POINT('Ctrl Pts',(2.5,173.315091681306,-37.158822045344));
#2352=CARTESIAN_POINT('Ctrl Pts',(2.5,173.295405319063,-37.1523805378835));
#2353=CARTESIAN_POINT('Ctrl Pts',(2.55857864376269,173.441421356237,-37.138852125816));
#2354=CARTESIAN_POINT('Ctrl Pts',(2.54692293235085,173.429765644826,-37.1366953522863));
#2355=CARTESIAN_POINT('Ctrl Pts',(2.52602751814052,173.4030943248,-37.1319968013982));
#2356=CARTESIAN_POINT('Ctrl Pts',(2.50510656761387,173.354598059095,-37.1244267007176));
#2357=CARTESIAN_POINT('Ctrl Pts',(2.5,173.318422919882,-37.1197465385114));
#2358=CARTESIAN_POINT('Ctrl Pts',(2.5,173.3,-37.1174808591542));
#2359=CARTESIAN_POINT('Ctrl Pts',(2.55857864376269,173.441421356237,-37.1000302022805));
#2360=CARTESIAN_POINT('Ctrl Pts',(2.5462373022678,173.429080014742,-37.1000302022805));
#2361=CARTESIAN_POINT('Ctrl Pts',(2.524805196333,173.401149067312,-37.1000302022804));
#2362=CARTESIAN_POINT('Ctrl Pts',(2.50459537489146,173.352358242295,-37.1000302022804));
#2363=CARTESIAN_POINT('Ctrl Pts',(2.5,173.31745329252,-37.1000302022804));
#2364=CARTESIAN_POINT('Ctrl Pts',(2.5,173.3,-37.1000302022804));
#2365=CARTESIAN_POINT('',(2.55857864376269,173.441421356237,-37.1000302022805));
#2366=CARTESIAN_POINT('Ctrl Pts',(2.60976827032111,173.390231729679,-37.3902317296789));
#2367=CARTESIAN_POINT('Ctrl Pts',(2.60029471319338,173.399705286807,-37.3712846154234));
#2368=CARTESIAN_POINT('Ctrl Pts',(2.58457269378012,173.41542730622,-37.3303021898474));
#2369=CARTESIAN_POINT('Ctrl Pts',(2.56324824621494,173.436751753785,-37.2225794634438));
#2370=CARTESIAN_POINT('Ctrl Pts',(2.55857864376269,173.441421356237,-37.138852125816));
#2371=CARTESIAN_POINT('Ctrl Pts',(2.55857864376269,173.441421356237,-37.1000302022805));
#2372=CARTESIAN_POINT('',(2.5,173.3,-37.1000302022804));
#2373=CARTESIAN_POINT('Origin',(2.7,173.3,-37.1000302022804));
#2374=CARTESIAN_POINT('Origin',(2.5,173.10003020228,-37.1000302022804));
#2375=CARTESIAN_POINT('Ctrl Pts',(2.60976827032111,173.390231729679,-37.3902317296789));
#2376=CARTESIAN_POINT('Ctrl Pts',(2.60029471319338,173.399705286807,-37.3712846154234));
#2377=CARTESIAN_POINT('Ctrl Pts',(2.58457269378012,173.41542730622,-37.3303021898474));
#2378=CARTESIAN_POINT('Ctrl Pts',(2.56324824621494,173.436751753785,-37.2225794634438));
#2379=CARTESIAN_POINT('Ctrl Pts',(2.55857864376269,173.441421356237,-37.138852125816));
#2380=CARTESIAN_POINT('Ctrl Pts',(2.55857864376269,173.441421356237,-37.1000302022805));
#2381=CARTESIAN_POINT('Ctrl Pts',(2.61924182744883,173.409178843934,-37.3807581725512));
#2382=CARTESIAN_POINT('Ctrl Pts',(2.60988554849704,173.416712112343,-37.361976004494));
#2383=CARTESIAN_POINT('Ctrl Pts',(2.59411083031835,173.429706040527,-37.3210127980369));
#2384=CARTESIAN_POINT('Ctrl Pts',(2.57389331749198,173.448965371281,-37.2144656552888));
#2385=CARTESIAN_POINT('Ctrl Pts',(2.57023435517452,173.453077067649,-37.1366953522863));
#2386=CARTESIAN_POINT('Ctrl Pts',(2.57091998525757,173.453762697732,-37.1000302022805));
#2387=CARTESIAN_POINT('Ctrl Pts',(2.64015584847501,173.441468594559,-37.359844151525));
#2388=CARTESIAN_POINT('Ctrl Pts',(2.63088988043478,173.446431368052,-37.3410664899758));
#2389=CARTESIAN_POINT('Ctrl Pts',(2.61540002762516,173.455939639979,-37.2990695971087));
#2390=CARTESIAN_POINT('Ctrl Pts',(2.5988296709771,173.471594652121,-37.195458173305));
#2391=CARTESIAN_POINT('Ctrl Pts',(2.59690567519953,173.47397248186,-37.1319968013982));
#2392=CARTESIAN_POINT('Ctrl Pts',(2.59885093268807,173.475194803667,-37.1000302022804));
#2393=CARTESIAN_POINT('Ctrl Pts',(2.69511019278757,173.486300361605,-37.3048898072124));
#2394=CARTESIAN_POINT('Ctrl Pts',(2.68489706360026,173.488178909649,-37.2862523913489));
#2395=CARTESIAN_POINT('Ctrl Pts',(2.66796726941553,173.492371874354,-37.2438149291838));
#2396=CARTESIAN_POINT('Ctrl Pts',(2.64835178539026,173.495056513415,-37.1695627457133));
#2397=CARTESIAN_POINT('Ctrl Pts',(2.64540194090518,173.494893432386,-37.1244267007176));
#2398=CARTESIAN_POINT('Ctrl Pts',(2.64764175770537,173.495404625109,-37.1000302022805));
#2399=CARTESIAN_POINT('Ctrl Pts',(2.73915707885431,173.5,-37.2608429211457));
#2400=CARTESIAN_POINT('Ctrl Pts',(2.72688753800644,173.5,-37.246416411535));
#2401=CARTESIAN_POINT('Ctrl Pts',(2.70545505751358,173.5,-37.2145101286479));
#2402=CARTESIAN_POINT('Ctrl Pts',(2.68490831869365,173.5,-37.158822045344));
#2403=CARTESIAN_POINT('Ctrl Pts',(2.68157708011783,173.5,-37.1197465385114));
#2404=CARTESIAN_POINT('Ctrl Pts',(2.68254670748005,173.5,-37.1000302022804));
#2405=CARTESIAN_POINT('Ctrl Pts',(2.75856979771955,173.5,-37.2414302022804));
#2406=CARTESIAN_POINT('Ctrl Pts',(2.74623031990795,173.5,-37.2290907244688));
#2407=CARTESIAN_POINT('Ctrl Pts',(2.72480145046551,173.5,-37.2011639949299));
#2408=CARTESIAN_POINT('Ctrl Pts',(2.70459468093745,173.5,-37.1523805378835));
#2409=CARTESIAN_POINT('Ctrl Pts',(2.69999999999999,173.5,-37.1174808591542));
#2410=CARTESIAN_POINT('Ctrl Pts',(2.69999999999999,173.5,-37.1000302022804));
#2411=CARTESIAN_POINT('',(2.75856979771955,173.5,-37.2414302022804));
#2412=CARTESIAN_POINT('Ctrl Pts',(2.60976827032111,173.390231729679,-37.3902317296789));
#2413=CARTESIAN_POINT('Ctrl Pts',(2.61924182744883,173.409178843934,-37.3807581725512));
#2414=CARTESIAN_POINT('Ctrl Pts',(2.64015584847501,173.441468594559,-37.359844151525));
#2415=CARTESIAN_POINT('Ctrl Pts',(2.69511019278757,173.486300361605,-37.3048898072124));
#2416=CARTESIAN_POINT('Ctrl Pts',(2.73915707885431,173.5,-37.2608429211457));
#2417=CARTESIAN_POINT('Ctrl Pts',(2.75856979771955,173.5,-37.2414302022804));
#2418=CARTESIAN_POINT('',(2.7,173.5,-37.1000302022804));
#2419=CARTESIAN_POINT('Origin',(2.89996979771955,173.5,-37.1000302022804));
#2420=CARTESIAN_POINT('Origin',(2.7,173.3,-37.1000302022804));
#2421=CARTESIAN_POINT('Ctrl Pts',(173.390231729679,173.390231729679,-37.3902317296789));
#2422=CARTESIAN_POINT('Ctrl Pts',(173.399705286807,173.399705286807,-37.3712846154234));
#2423=CARTESIAN_POINT('Ctrl Pts',(173.41542730622,173.41542730622,-37.3303021898475));
#2424=CARTESIAN_POINT('Ctrl Pts',(173.436751753785,173.436751753785,-37.2225794634438));
#2425=CARTESIAN_POINT('Ctrl Pts',(173.441421356237,173.441421356237,-37.138852125816));
#2426=CARTESIAN_POINT('Ctrl Pts',(173.441421356237,173.441421356237,-37.1000302022804));
#2427=CARTESIAN_POINT('Ctrl Pts',(173.409178843934,173.380758172551,-37.3807581725512));
#2428=CARTESIAN_POINT('Ctrl Pts',(173.416712112343,173.390114451503,-37.3619760044939));
#2429=CARTESIAN_POINT('Ctrl Pts',(173.429706040527,173.405889169682,-37.3210127980369));
#2430=CARTESIAN_POINT('Ctrl Pts',(173.448965371281,173.426106682508,-37.2144656552888));
#2431=CARTESIAN_POINT('Ctrl Pts',(173.453077067649,173.429765644826,-37.1366953522863));
#2432=CARTESIAN_POINT('Ctrl Pts',(173.453762697732,173.429080014742,-37.1000302022804));
#2433=CARTESIAN_POINT('Ctrl Pts',(173.441468594559,173.359844151525,-37.359844151525));
#2434=CARTESIAN_POINT('Ctrl Pts',(173.446431368052,173.369110119565,-37.3410664899758));
#2435=CARTESIAN_POINT('Ctrl Pts',(173.455939639979,173.384599972375,-37.2990695971087));
#2436=CARTESIAN_POINT('Ctrl Pts',(173.47159465212,173.401170329023,-37.195458173305));
#2437=CARTESIAN_POINT('Ctrl Pts',(173.47397248186,173.403094324801,-37.1319968013982));
#2438=CARTESIAN_POINT('Ctrl Pts',(173.475194803667,173.401149067312,-37.1000302022805));
#2439=CARTESIAN_POINT('Ctrl Pts',(173.486300361605,173.304889807212,-37.3048898072124));
#2440=CARTESIAN_POINT('Ctrl Pts',(173.488178909649,173.3151029364,-37.2862523913489));
#2441=CARTESIAN_POINT('Ctrl Pts',(173.492371874354,173.332032730584,-37.2438149291838));
#2442=CARTESIAN_POINT('Ctrl Pts',(173.495056513415,173.35164821461,-37.1695627457134));
#2443=CARTESIAN_POINT('Ctrl Pts',(173.494893432386,173.354598059095,-37.1244267007176));
#2444=CARTESIAN_POINT('Ctrl Pts',(173.495404625109,173.352358242295,-37.1000302022804));
#2445=CARTESIAN_POINT('Ctrl Pts',(173.5,173.260842921146,-37.2608429211457));
#2446=CARTESIAN_POINT('Ctrl Pts',(173.5,173.273112461993,-37.246416411535));
#2447=CARTESIAN_POINT('Ctrl Pts',(173.5,173.294544942486,-37.2145101286479));
#2448=CARTESIAN_POINT('Ctrl Pts',(173.5,173.315091681306,-37.158822045344));
#2449=CARTESIAN_POINT('Ctrl Pts',(173.5,173.318422919882,-37.1197465385114));
#2450=CARTESIAN_POINT('Ctrl Pts',(173.5,173.31745329252,-37.1000302022804));
#2451=CARTESIAN_POINT('Ctrl Pts',(173.5,173.24143020228,-37.2414302022804));
#2452=CARTESIAN_POINT('Ctrl Pts',(173.5,173.253769680092,-37.2290907244688));
#2453=CARTESIAN_POINT('Ctrl Pts',(173.5,173.275198549534,-37.2011639949299));
#2454=CARTESIAN_POINT('Ctrl Pts',(173.5,173.295405319063,-37.1523805378835));
#2455=CARTESIAN_POINT('Ctrl Pts',(173.5,173.3,-37.1174808591542));
#2456=CARTESIAN_POINT('Ctrl Pts',(173.5,173.3,-37.1000302022804));
#2457=CARTESIAN_POINT('',(173.390231729679,173.390231729679,-37.3902317296789));
#2458=CARTESIAN_POINT('',(173.441421356237,173.441421356237,-37.1000302022804));
#2459=CARTESIAN_POINT('Ctrl Pts',(173.390231729679,173.390231729679,-37.3902317296789));
#2460=CARTESIAN_POINT('Ctrl Pts',(173.399705286807,173.399705286807,-37.3712846154234));
#2461=CARTESIAN_POINT('Ctrl Pts',(173.41542730622,173.41542730622,-37.3303021898475));
#2462=CARTESIAN_POINT('Ctrl Pts',(173.436751753785,173.436751753785,-37.2225794634438));
#2463=CARTESIAN_POINT('Ctrl Pts',(173.441421356237,173.441421356237,-37.138852125816));
#2464=CARTESIAN_POINT('Ctrl Pts',(173.441421356237,173.441421356237,-37.1000302022804));
#2465=CARTESIAN_POINT('',(173.5,173.24143020228,-37.2414302022804));
#2466=CARTESIAN_POINT('Ctrl Pts',(173.390231729679,173.390231729679,-37.3902317296789));
#2467=CARTESIAN_POINT('Ctrl Pts',(173.409178843934,173.380758172551,-37.3807581725512));
#2468=CARTESIAN_POINT('Ctrl Pts',(173.441468594559,173.359844151525,-37.359844151525));
#2469=CARTESIAN_POINT('Ctrl Pts',(173.486300361605,173.304889807212,-37.3048898072124));
#2470=CARTESIAN_POINT('Ctrl Pts',(173.5,173.260842921146,-37.2608429211457));
#2471=CARTESIAN_POINT('Ctrl Pts',(173.5,173.24143020228,-37.2414302022804));
#2472=CARTESIAN_POINT('',(173.5,173.3,-37.1000302022804));
#2473=CARTESIAN_POINT('Origin',(173.5,173.10003020228,-37.1000302022804));
#2474=CARTESIAN_POINT('Origin',(173.3,173.3,-37.1000302022804));
#2475=CARTESIAN_POINT('Ctrl Pts',(173.390231729679,173.390231729679,-37.3902317296789));
#2476=CARTESIAN_POINT('Ctrl Pts',(173.409178843934,173.380758172551,-37.3807581725512));
#2477=CARTESIAN_POINT('Ctrl Pts',(173.441468594559,173.359844151525,-37.359844151525));
#2478=CARTESIAN_POINT('Ctrl Pts',(173.486300361605,173.304889807212,-37.3048898072124));
#2479=CARTESIAN_POINT('Ctrl Pts',(173.5,173.260842921146,-37.2608429211457));
#2480=CARTESIAN_POINT('Ctrl Pts',(173.5,173.24143020228,-37.2414302022804));
#2481=CARTESIAN_POINT('Ctrl Pts',(173.399705286807,173.371284615423,-37.3997052868066));
#2482=CARTESIAN_POINT('Ctrl Pts',(173.416712112343,173.361976004494,-37.390114451503));
#2483=CARTESIAN_POINT('Ctrl Pts',(173.446431368052,173.341066489976,-37.3691101195652));
#2484=CARTESIAN_POINT('Ctrl Pts',(173.488178909649,173.286252391349,-37.3151029363997));
#2485=CARTESIAN_POINT('Ctrl Pts',(173.5,173.246416411535,-37.2731124619935));
#2486=CARTESIAN_POINT('Ctrl Pts',(173.5,173.229090724469,-37.253769680092));
#2487=CARTESIAN_POINT('Ctrl Pts',(173.41542730622,173.330302189847,-37.4154273062199));
#2488=CARTESIAN_POINT('Ctrl Pts',(173.429706040527,173.321012798037,-37.4058891696816));
#2489=CARTESIAN_POINT('Ctrl Pts',(173.455939639979,173.299069597109,-37.3845999723749));
#2490=CARTESIAN_POINT('Ctrl Pts',(173.492371874354,173.243814929184,-37.3320327305845));
#2491=CARTESIAN_POINT('Ctrl Pts',(173.5,173.214510128648,-37.2945449424864));
#2492=CARTESIAN_POINT('Ctrl Pts',(173.5,173.20116399493,-37.2751985495345));
#2493=CARTESIAN_POINT('Ctrl Pts',(173.436751753785,173.222579463444,-37.436751753785));
#2494=CARTESIAN_POINT('Ctrl Pts',(173.448965371281,173.214465655289,-37.426106682508));
#2495=CARTESIAN_POINT('Ctrl Pts',(173.47159465212,173.195458173305,-37.4011703290229));
#2496=CARTESIAN_POINT('Ctrl Pts',(173.495056513414,173.169562745713,-37.3516482146097));
#2497=CARTESIAN_POINT('Ctrl Pts',(173.5,173.158822045344,-37.3150916813063));
#2498=CARTESIAN_POINT('Ctrl Pts',(173.5,173.152380537883,-37.2954053190625));
#2499=CARTESIAN_POINT('Ctrl Pts',(173.441421356237,173.138852125816,-37.4414213562373));
#2500=CARTESIAN_POINT('Ctrl Pts',(173.453077067649,173.136695352286,-37.4297656448255));
#2501=CARTESIAN_POINT('Ctrl Pts',(173.473972481859,173.131996801398,-37.4030943248005));
#2502=CARTESIAN_POINT('Ctrl Pts',(173.494893432386,173.124426700718,-37.3545980590948));
#2503=CARTESIAN_POINT('Ctrl Pts',(173.5,173.119746538511,-37.3184229198822));
#2504=CARTESIAN_POINT('Ctrl Pts',(173.5,173.117480859154,-37.3));
#2505=CARTESIAN_POINT('Ctrl Pts',(173.441421356237,173.10003020228,-37.4414213562373));
#2506=CARTESIAN_POINT('Ctrl Pts',(173.453762697732,173.10003020228,-37.4290800147424));
#2507=CARTESIAN_POINT('Ctrl Pts',(173.475194803667,173.10003020228,-37.4011490673119));
#2508=CARTESIAN_POINT('Ctrl Pts',(173.495404625109,173.10003020228,-37.3523582422946));
#2509=CARTESIAN_POINT('Ctrl Pts',(173.5,173.10003020228,-37.3174532925199));
#2510=CARTESIAN_POINT('Ctrl Pts',(173.5,173.10003020228,-37.3));
#2511=CARTESIAN_POINT('',(173.441421356237,173.10003020228,-37.4414213562373));
#2512=CARTESIAN_POINT('Ctrl Pts',(173.390231729679,173.390231729679,-37.3902317296789));
#2513=CARTESIAN_POINT('Ctrl Pts',(173.399705286807,173.371284615423,-37.3997052868066));
#2514=CARTESIAN_POINT('Ctrl Pts',(173.41542730622,173.330302189847,-37.4154273062199));
#2515=CARTESIAN_POINT('Ctrl Pts',(173.436751753785,173.222579463444,-37.4367517537851));
#2516=CARTESIAN_POINT('Ctrl Pts',(173.441421356237,173.138852125816,-37.4414213562373));
#2517=CARTESIAN_POINT('Ctrl Pts',(173.441421356237,173.10003020228,-37.4414213562373));
#2518=CARTESIAN_POINT('',(173.5,173.10003020228,-37.3));
#2519=CARTESIAN_POINT('Origin',(173.3,173.10003020228,-37.3));
#2520=CARTESIAN_POINT('Origin',(173.5,173.10003020228,-37.1000302022804));
#2521=CARTESIAN_POINT('Ctrl Pts',(173.390231729679,173.390231729679,-37.3902317296789));
#2522=CARTESIAN_POINT('Ctrl Pts',(173.399705286807,173.371284615423,-37.3997052868066));
#2523=CARTESIAN_POINT('Ctrl Pts',(173.41542730622,173.330302189847,-37.4154273062199));
#2524=CARTESIAN_POINT('Ctrl Pts',(173.436751753785,173.222579463444,-37.4367517537851));
#2525=CARTESIAN_POINT('Ctrl Pts',(173.441421356237,173.138852125816,-37.4414213562373));
#2526=CARTESIAN_POINT('Ctrl Pts',(173.441421356237,173.10003020228,-37.4414213562373));
#2527=CARTESIAN_POINT('Ctrl Pts',(173.380758172551,173.380758172551,-37.4091788439343));
#2528=CARTESIAN_POINT('Ctrl Pts',(173.390114451503,173.361976004494,-37.416712112343));
#2529=CARTESIAN_POINT('Ctrl Pts',(173.405889169682,173.321012798037,-37.4297060405272));
#2530=CARTESIAN_POINT('Ctrl Pts',(173.426106682508,173.214465655289,-37.4489653712808));
#2531=CARTESIAN_POINT('Ctrl Pts',(173.429765644826,173.136695352286,-37.4530770676491));
#2532=CARTESIAN_POINT('Ctrl Pts',(173.429080014742,173.10003020228,-37.4537626977322));
#2533=CARTESIAN_POINT('Ctrl Pts',(173.359844151525,173.359844151525,-37.4414685945592));
#2534=CARTESIAN_POINT('Ctrl Pts',(173.369110119565,173.341066489976,-37.4464313680517));
#2535=CARTESIAN_POINT('Ctrl Pts',(173.384599972375,173.299069597109,-37.4559396399788));
#2536=CARTESIAN_POINT('Ctrl Pts',(173.401170329023,173.195458173305,-37.4715946521203));
#2537=CARTESIAN_POINT('Ctrl Pts',(173.4030943248,173.131996801398,-37.4739724818595));
#2538=CARTESIAN_POINT('Ctrl Pts',(173.401149067312,173.10003020228,-37.475194803667));
#2539=CARTESIAN_POINT('Ctrl Pts',(173.304889807212,173.304889807212,-37.4863003616046));
#2540=CARTESIAN_POINT('Ctrl Pts',(173.3151029364,173.286252391349,-37.4881789096494));
#2541=CARTESIAN_POINT('Ctrl Pts',(173.332032730585,173.243814929184,-37.4923718743538));
#2542=CARTESIAN_POINT('Ctrl Pts',(173.35164821461,173.169562745713,-37.4950565134147));
#2543=CARTESIAN_POINT('Ctrl Pts',(173.354598059095,173.124426700718,-37.4948934323861));
#2544=CARTESIAN_POINT('Ctrl Pts',(173.352358242295,173.100030202281,-37.4954046251085));
#2545=CARTESIAN_POINT('Ctrl Pts',(173.260842921146,173.260842921146,-37.5));
#2546=CARTESIAN_POINT('Ctrl Pts',(173.273112461994,173.246416411535,-37.5));
#2547=CARTESIAN_POINT('Ctrl Pts',(173.294544942486,173.214510128648,-37.5));
#2548=CARTESIAN_POINT('Ctrl Pts',(173.315091681306,173.158822045344,-37.5));
#2549=CARTESIAN_POINT('Ctrl Pts',(173.318422919882,173.119746538511,-37.5));
#2550=CARTESIAN_POINT('Ctrl Pts',(173.31745329252,173.10003020228,-37.5));
#2551=CARTESIAN_POINT('Ctrl Pts',(173.24143020228,173.24143020228,-37.5));
#2552=CARTESIAN_POINT('Ctrl Pts',(173.253769680092,173.229090724469,-37.5));
#2553=CARTESIAN_POINT('Ctrl Pts',(173.275198549535,173.20116399493,-37.5));
#2554=CARTESIAN_POINT('Ctrl Pts',(173.295405319062,173.152380537883,-37.5));
#2555=CARTESIAN_POINT('Ctrl Pts',(173.3,173.117480859154,-37.5));
#2556=CARTESIAN_POINT('Ctrl Pts',(173.3,173.10003020228,-37.5));
#2557=CARTESIAN_POINT('',(173.24143020228,173.24143020228,-37.5));
#2558=CARTESIAN_POINT('Ctrl Pts',(173.390231729679,173.390231729679,-37.3902317296789));
#2559=CARTESIAN_POINT('Ctrl Pts',(173.380758172551,173.380758172551,-37.4091788439343));
#2560=CARTESIAN_POINT('Ctrl Pts',(173.359844151525,173.359844151525,-37.4414685945592));
#2561=CARTESIAN_POINT('Ctrl Pts',(173.304889807212,173.304889807212,-37.4863003616046));
#2562=CARTESIAN_POINT('Ctrl Pts',(173.260842921146,173.260842921146,-37.5));
#2563=CARTESIAN_POINT('Ctrl Pts',(173.24143020228,173.24143020228,-37.5));
#2564=CARTESIAN_POINT('',(173.3,173.10003020228,-37.5));
#2565=CARTESIAN_POINT('Origin',(173.10003020228,173.10003020228,-37.5));
#2566=CARTESIAN_POINT('Origin',(173.3,173.10003020228,-37.3));
#2567=CARTESIAN_POINT('Ctrl Pts',(173.390231729679,173.390231729679,-37.3902317296789));
#2568=CARTESIAN_POINT('Ctrl Pts',(173.380758172551,173.380758172551,-37.4091788439343));
#2569=CARTESIAN_POINT('Ctrl Pts',(173.359844151525,173.359844151525,-37.4414685945592));
#2570=CARTESIAN_POINT('Ctrl Pts',(173.304889807212,173.304889807212,-37.4863003616046));
#2571=CARTESIAN_POINT('Ctrl Pts',(173.260842921146,173.260842921146,-37.5));
#2572=CARTESIAN_POINT('Ctrl Pts',(173.24143020228,173.24143020228,-37.5));
#2573=CARTESIAN_POINT('Ctrl Pts',(173.371284615423,173.399705286807,-37.3997052868066));
#2574=CARTESIAN_POINT('Ctrl Pts',(173.361976004494,173.390114451503,-37.416712112343));
#2575=CARTESIAN_POINT('Ctrl Pts',(173.341066489976,173.369110119565,-37.4464313680517));
#2576=CARTESIAN_POINT('Ctrl Pts',(173.286252391349,173.3151029364,-37.4881789096494));
#2577=CARTESIAN_POINT('Ctrl Pts',(173.246416411535,173.273112461994,-37.5));
#2578=CARTESIAN_POINT('Ctrl Pts',(173.229090724469,173.253769680092,-37.5));
#2579=CARTESIAN_POINT('Ctrl Pts',(173.330302189847,173.41542730622,-37.4154273062199));
#2580=CARTESIAN_POINT('Ctrl Pts',(173.321012798037,173.405889169682,-37.4297060405272));
#2581=CARTESIAN_POINT('Ctrl Pts',(173.299069597109,173.384599972375,-37.4559396399788));
#2582=CARTESIAN_POINT('Ctrl Pts',(173.243814929184,173.332032730585,-37.4923718743538));
#2583=CARTESIAN_POINT('Ctrl Pts',(173.214510128648,173.294544942486,-37.5));
#2584=CARTESIAN_POINT('Ctrl Pts',(173.20116399493,173.275198549535,-37.5));
#2585=CARTESIAN_POINT('Ctrl Pts',(173.222579463444,173.436751753785,-37.4367517537851));
#2586=CARTESIAN_POINT('Ctrl Pts',(173.214465655289,173.426106682508,-37.4489653712808));
#2587=CARTESIAN_POINT('Ctrl Pts',(173.195458173305,173.401170329023,-37.4715946521204));
#2588=CARTESIAN_POINT('Ctrl Pts',(173.169562745713,173.35164821461,-37.4950565134147));
#2589=CARTESIAN_POINT('Ctrl Pts',(173.158822045344,173.315091681306,-37.5));
#2590=CARTESIAN_POINT('Ctrl Pts',(173.152380537883,173.295405319063,-37.5));
#2591=CARTESIAN_POINT('Ctrl Pts',(173.138852125816,173.441421356237,-37.4414213562373));
#2592=CARTESIAN_POINT('Ctrl Pts',(173.136695352286,173.429765644826,-37.4530770676492));
#2593=CARTESIAN_POINT('Ctrl Pts',(173.131996801398,173.4030943248,-37.4739724818595));
#2594=CARTESIAN_POINT('Ctrl Pts',(173.124426700718,173.354598059095,-37.4948934323861));
#2595=CARTESIAN_POINT('Ctrl Pts',(173.119746538511,173.318422919882,-37.5));
#2596=CARTESIAN_POINT('Ctrl Pts',(173.117480859154,173.3,-37.5));
#2597=CARTESIAN_POINT('Ctrl Pts',(173.10003020228,173.441421356237,-37.4414213562373));
#2598=CARTESIAN_POINT('Ctrl Pts',(173.10003020228,173.429080014742,-37.4537626977322));
#2599=CARTESIAN_POINT('Ctrl Pts',(173.10003020228,173.401149067312,-37.475194803667));
#2600=CARTESIAN_POINT('Ctrl Pts',(173.10003020228,173.352358242295,-37.4954046251085));
#2601=CARTESIAN_POINT('Ctrl Pts',(173.10003020228,173.31745329252,-37.5));
#2602=CARTESIAN_POINT('Ctrl Pts',(173.10003020228,173.3,-37.5));
#2603=CARTESIAN_POINT('',(173.10003020228,173.441421356237,-37.4414213562373));
#2604=CARTESIAN_POINT('Ctrl Pts',(173.390231729679,173.390231729679,-37.3902317296789));
#2605=CARTESIAN_POINT('Ctrl Pts',(173.371284615423,173.399705286807,-37.3997052868066));
#2606=CARTESIAN_POINT('Ctrl Pts',(173.330302189847,173.41542730622,-37.4154273062199));
#2607=CARTESIAN_POINT('Ctrl Pts',(173.222579463444,173.436751753785,-37.4367517537851));
#2608=CARTESIAN_POINT('Ctrl Pts',(173.138852125816,173.441421356237,-37.4414213562373));
#2609=CARTESIAN_POINT('Ctrl Pts',(173.10003020228,173.441421356237,-37.4414213562373));
#2610=CARTESIAN_POINT('',(173.10003020228,173.3,-37.5));
#2611=CARTESIAN_POINT('Origin',(173.10003020228,173.3,-37.3));
#2612=CARTESIAN_POINT('Origin',(173.10003020228,173.10003020228,-37.5));
#2613=CARTESIAN_POINT('Ctrl Pts',(173.390231729679,173.390231729679,-37.3902317296789));
#2614=CARTESIAN_POINT('Ctrl Pts',(173.371284615423,173.399705286807,-37.3997052868066));
#2615=CARTESIAN_POINT('Ctrl Pts',(173.330302189847,173.41542730622,-37.4154273062199));
#2616=CARTESIAN_POINT('Ctrl Pts',(173.222579463444,173.436751753785,-37.4367517537851));
#2617=CARTESIAN_POINT('Ctrl Pts',(173.138852125816,173.441421356237,-37.4414213562373));
#2618=CARTESIAN_POINT('Ctrl Pts',(173.10003020228,173.441421356237,-37.4414213562373));
#2619=CARTESIAN_POINT('Ctrl Pts',(173.380758172551,173.409178843934,-37.3807581725512));
#2620=CARTESIAN_POINT('Ctrl Pts',(173.361976004494,173.416712112343,-37.390114451503));
#2621=CARTESIAN_POINT('Ctrl Pts',(173.321012798037,173.429706040527,-37.4058891696817));
#2622=CARTESIAN_POINT('Ctrl Pts',(173.214465655289,173.448965371281,-37.426106682508));
#2623=CARTESIAN_POINT('Ctrl Pts',(173.136695352286,173.453077067649,-37.4297656448255));
#2624=CARTESIAN_POINT('Ctrl Pts',(173.10003020228,173.453762697732,-37.4290800147424));
#2625=CARTESIAN_POINT('Ctrl Pts',(173.359844151525,173.441468594559,-37.359844151525));
#2626=CARTESIAN_POINT('Ctrl Pts',(173.341066489976,173.446431368052,-37.3691101195652));
#2627=CARTESIAN_POINT('Ctrl Pts',(173.299069597109,173.455939639979,-37.3845999723748));
#2628=CARTESIAN_POINT('Ctrl Pts',(173.195458173305,173.471594652121,-37.4011703290229));
#2629=CARTESIAN_POINT('Ctrl Pts',(173.131996801398,173.47397248186,-37.4030943248005));
#2630=CARTESIAN_POINT('Ctrl Pts',(173.10003020228,173.475194803667,-37.4011490673119));
#2631=CARTESIAN_POINT('Ctrl Pts',(173.304889807212,173.486300361605,-37.3048898072124));
#2632=CARTESIAN_POINT('Ctrl Pts',(173.286252391349,173.488178909649,-37.3151029363997));
#2633=CARTESIAN_POINT('Ctrl Pts',(173.243814929184,173.492371874354,-37.3320327305845));
#2634=CARTESIAN_POINT('Ctrl Pts',(173.169562745713,173.495056513415,-37.3516482146098));
#2635=CARTESIAN_POINT('Ctrl Pts',(173.124426700718,173.494893432386,-37.3545980590948));
#2636=CARTESIAN_POINT('Ctrl Pts',(173.10003020228,173.495404625109,-37.3523582422946));
#2637=CARTESIAN_POINT('Ctrl Pts',(173.260842921146,173.5,-37.2608429211457));
#2638=CARTESIAN_POINT('Ctrl Pts',(173.246416411535,173.5,-37.2731124619936));
#2639=CARTESIAN_POINT('Ctrl Pts',(173.214510128648,173.5,-37.2945449424864));
#2640=CARTESIAN_POINT('Ctrl Pts',(173.158822045344,173.5,-37.3150916813063));
#2641=CARTESIAN_POINT('Ctrl Pts',(173.119746538511,173.5,-37.3184229198822));
#2642=CARTESIAN_POINT('Ctrl Pts',(173.10003020228,173.5,-37.31745329252));
#2643=CARTESIAN_POINT('Ctrl Pts',(173.24143020228,173.5,-37.2414302022805));
#2644=CARTESIAN_POINT('Ctrl Pts',(173.229090724469,173.5,-37.2537696800921));
#2645=CARTESIAN_POINT('Ctrl Pts',(173.20116399493,173.5,-37.2751985495345));
#2646=CARTESIAN_POINT('Ctrl Pts',(173.152380537883,173.5,-37.2954053190626));
#2647=CARTESIAN_POINT('Ctrl Pts',(173.117480859154,173.5,-37.3));
#2648=CARTESIAN_POINT('Ctrl Pts',(173.10003020228,173.5,-37.3));
#2649=CARTESIAN_POINT('',(173.24143020228,173.5,-37.2414302022805));
#2650=CARTESIAN_POINT('Ctrl Pts',(173.390231729679,173.390231729679,-37.3902317296789));
#2651=CARTESIAN_POINT('Ctrl Pts',(173.380758172551,173.409178843934,-37.3807581725512));
#2652=CARTESIAN_POINT('Ctrl Pts',(173.359844151525,173.441468594559,-37.359844151525));
#2653=CARTESIAN_POINT('Ctrl Pts',(173.304889807212,173.486300361605,-37.3048898072124));
#2654=CARTESIAN_POINT('Ctrl Pts',(173.260842921146,173.5,-37.2608429211457));
#2655=CARTESIAN_POINT('Ctrl Pts',(173.24143020228,173.5,-37.2414302022805));
#2656=CARTESIAN_POINT('',(173.10003020228,173.5,-37.3));
#2657=CARTESIAN_POINT('Origin',(173.10003020228,173.5,-37.1000302022804));
#2658=CARTESIAN_POINT('Origin',(173.10003020228,173.3,-37.3));
#2659=CARTESIAN_POINT('Origin',(1.06775,8.,-16.));
#2660=CARTESIAN_POINT('',(-2.77555756156289E-16,11.4,-16.));
#2661=CARTESIAN_POINT('Origin',(0.,8.,-16.));
#2662=CARTESIAN_POINT('',(2.1355,9.2645,-16.));
#2663=CARTESIAN_POINT('',(1.06775,10.33225,-16.));
#2664=CARTESIAN_POINT('Origin',(2.1355,8.,-16.));
#2665=CARTESIAN_POINT('Origin',(6.5,8.,-16.));
#2666=CARTESIAN_POINT('',(2.5,9.2645,-16.));
#2667=CARTESIAN_POINT('',(6.5,9.2645,-16.));
#2668=CARTESIAN_POINT('Origin',(2.5,8.,-16.));
#2669=CARTESIAN_POINT('Origin',(1.06775,168.,-16.));
#2670=CARTESIAN_POINT('',(-2.77555756156289E-16,171.4,-16.));
#2671=CARTESIAN_POINT('Origin',(0.,168.,-16.));
#2672=CARTESIAN_POINT('',(2.13550000000001,169.2645,-16.));
#2673=CARTESIAN_POINT('',(1.06775,170.33225,-16.));
#2674=CARTESIAN_POINT('Origin',(2.1355,168.,-16.));
#2675=CARTESIAN_POINT('Origin',(6.5,168.,-16.));
#2676=CARTESIAN_POINT('',(2.5,169.2645,-16.));
#2677=CARTESIAN_POINT('',(6.5,169.2645,-16.));
#2678=CARTESIAN_POINT('Origin',(2.5,168.,-16.));
#2679=CARTESIAN_POINT('Origin',(174.93225,8.,-16.));
#2680=CARTESIAN_POINT('',(176.,4.60000000000001,-16.));
#2681=CARTESIAN_POINT('Origin',(176.,8.,-16.));
#2682=CARTESIAN_POINT('',(173.8645,6.7355,-16.));
#2683=CARTESIAN_POINT('',(174.93225,5.66775,-16.));
#2684=CARTESIAN_POINT('Origin',(173.8645,8.,-16.));
#2685=CARTESIAN_POINT('Origin',(169.5,8.,-16.));
#2686=CARTESIAN_POINT('',(173.5,6.7355,-16.));
#2687=CARTESIAN_POINT('',(169.5,6.7355,-16.));
#2688=CARTESIAN_POINT('Origin',(173.5,8.,-16.));
#2689=CARTESIAN_POINT('Origin',(174.93225,168.,-16.));
#2690=CARTESIAN_POINT('',(176.,164.6,-16.));
#2691=CARTESIAN_POINT('Origin',(176.,168.,-16.));
#2692=CARTESIAN_POINT('',(173.8645,166.7355,-16.));
#2693=CARTESIAN_POINT('',(174.93225,165.66775,-16.));
#2694=CARTESIAN_POINT('Origin',(173.8645,168.,-16.));
#2695=CARTESIAN_POINT('Origin',(169.5,168.,-16.));
#2696=CARTESIAN_POINT('',(173.5,166.7355,-16.));
#2697=CARTESIAN_POINT('',(169.5,166.7355,-16.));
#2698=CARTESIAN_POINT('Origin',(173.5,168.,-16.));
#2699=CARTESIAN_POINT('Origin',(0.899999999999999,44.,-39.1));
#2700=CARTESIAN_POINT('',(0.,173.8,-38.2));
#2701=CARTESIAN_POINT('',(1.8,173.8,-40.));
#2702=CARTESIAN_POINT('',(0.,173.8,-38.2));
#2703=CARTESIAN_POINT('',(1.8,2.2,-40.));
#2704=CARTESIAN_POINT('',(1.8,44.,-40.));
#2705=CARTESIAN_POINT('',(0.,2.2,-38.2));
#2706=CARTESIAN_POINT('',(1.8,2.2,-40.));
#2707=CARTESIAN_POINT('',(0.,44.,-38.2));
#2708=CARTESIAN_POINT('Origin',(2.2,173.8,-39.1));
#2709=CARTESIAN_POINT('',(2.2,176.,-38.2));
#2710=CARTESIAN_POINT('Origin',(2.2,173.8,-38.2));
#2711=CARTESIAN_POINT('',(2.2,174.2,-40.));
#2712=CARTESIAN_POINT('',(2.2,176.,-38.2));
#2713=CARTESIAN_POINT('Origin',(2.2,173.8,-40.));
#2714=CARTESIAN_POINT('Origin',(44.,175.1,-39.1));
#2715=CARTESIAN_POINT('',(173.8,176.,-38.2));
#2716=CARTESIAN_POINT('',(173.8,174.2,-40.));
#2717=CARTESIAN_POINT('',(173.8,176.,-38.2));
#2718=CARTESIAN_POINT('',(44.,174.2,-40.));
#2719=CARTESIAN_POINT('',(44.,176.,-38.2));
#2720=CARTESIAN_POINT('Origin',(173.8,173.8,-39.1));
#2721=CARTESIAN_POINT('',(176.,173.8,-38.2));
#2722=CARTESIAN_POINT('Origin',(173.8,173.8,-38.2));
#2723=CARTESIAN_POINT('',(174.2,173.8,-40.));
#2724=CARTESIAN_POINT('',(176.,173.8,-38.2));
#2725=CARTESIAN_POINT('Origin',(173.8,173.8,-40.));
#2726=CARTESIAN_POINT('Origin',(175.1,132.,-39.1));
#2727=CARTESIAN_POINT('',(176.,2.20000000000001,-38.2));
#2728=CARTESIAN_POINT('',(174.2,2.20000000000001,-40.));
#2729=CARTESIAN_POINT('',(176.,2.20000000000001,-38.2));
#2730=CARTESIAN_POINT('',(174.2,132.,-40.));
#2731=CARTESIAN_POINT('',(176.,132.,-38.2));
#2732=CARTESIAN_POINT('Origin',(173.8,2.20000000000001,-39.1));
#2733=CARTESIAN_POINT('',(173.8,0.,-38.2));
#2734=CARTESIAN_POINT('Origin',(173.8,2.20000000000001,-38.2));
#2735=CARTESIAN_POINT('',(173.8,1.79999999999999,-40.));
#2736=CARTESIAN_POINT('',(173.8,0.,-38.2));
#2737=CARTESIAN_POINT('Origin',(173.8,2.20000000000001,-40.));
#2738=CARTESIAN_POINT('Origin',(132.,0.899999999999999,-39.1));
#2739=CARTESIAN_POINT('',(2.20000000000001,0.,-38.2));
#2740=CARTESIAN_POINT('',(2.20000000000001,1.8,-40.));
#2741=CARTESIAN_POINT('',(2.20000000000001,0.,-38.2));
#2742=CARTESIAN_POINT('',(132.,1.8,-40.));
#2743=CARTESIAN_POINT('',(132.,0.,-38.2));
#2744=CARTESIAN_POINT('Origin',(2.20000000000001,2.2,-39.1));
#2745=CARTESIAN_POINT('Origin',(2.20000000000001,2.2,-38.2));
#2746=CARTESIAN_POINT('Origin',(2.20000000000001,2.2,-40.));
#2747=CARTESIAN_POINT('Origin',(173.8,173.8,0.));
#2748=CARTESIAN_POINT('',(173.8,176.,0.));
#2749=CARTESIAN_POINT('',(173.8,176.,0.));
#2750=CARTESIAN_POINT('',(176.,173.8,0.));
#2751=CARTESIAN_POINT('Origin',(173.8,173.8,0.));
#2752=CARTESIAN_POINT('',(176.,173.8,0.));
#2753=CARTESIAN_POINT('Origin',(0.,176.,0.));
#2754=CARTESIAN_POINT('',(2.19999999999999,176.,0.));
#2755=CARTESIAN_POINT('',(2.2,176.,0.));
#2756=CARTESIAN_POINT('',(176.,176.,0.));
#2757=CARTESIAN_POINT('Origin',(2.2,173.8,0.));
#2758=CARTESIAN_POINT('',(0.,173.8,0.));
#2759=CARTESIAN_POINT('',(0.,173.8,0.));
#2760=CARTESIAN_POINT('Origin',(2.2,173.8,0.));
#2761=CARTESIAN_POINT('Origin',(0.,0.,0.));
#2762=CARTESIAN_POINT('',(0.,2.19999999999999,0.));
#2763=CARTESIAN_POINT('',(0.,2.2,0.));
#2764=CARTESIAN_POINT('',(0.,176.,0.));
#2765=CARTESIAN_POINT('Origin',(88.,88.,-40.));
#2766=CARTESIAN_POINT('',(5.7,5.50000000000001,-40.));
#2767=CARTESIAN_POINT('',(170.3,5.50000000000001,-40.));
#2768=CARTESIAN_POINT('',(46.75,5.50000000000001,-40.));
#2769=CARTESIAN_POINT('',(170.5,5.7,-40.));
#2770=CARTESIAN_POINT('Origin',(170.3,5.70000000000001,-40.));
#2771=CARTESIAN_POINT('',(170.5,170.3,-40.));
#2772=CARTESIAN_POINT('',(170.5,46.75,-40.));
#2773=CARTESIAN_POINT('',(170.3,170.5,-40.));
#2774=CARTESIAN_POINT('Origin',(170.3,170.3,-40.));
#2775=CARTESIAN_POINT('',(5.7,170.5,-40.));
#2776=CARTESIAN_POINT('',(129.25,170.5,-40.));
#2777=CARTESIAN_POINT('',(5.50000000000001,170.3,-40.));
#2778=CARTESIAN_POINT('Origin',(5.7,170.3,-40.));
#2779=CARTESIAN_POINT('',(5.50000000000001,5.7,-40.));
#2780=CARTESIAN_POINT('',(5.50000000000001,129.25,-40.));
#2781=CARTESIAN_POINT('Origin',(5.70000000000001,5.7,-40.));
#2782=CARTESIAN_POINT('Origin',(176.,176.,0.));
#2783=CARTESIAN_POINT('',(176.,2.20000000000001,0.));
#2784=CARTESIAN_POINT('',(176.,0.,0.));
#2785=CARTESIAN_POINT('',(176.,2.20000000000001,0.));
#2786=CARTESIAN_POINT('Origin',(88.,88.,0.));
#2787=CARTESIAN_POINT('',(2.20000000000001,0.,0.));
#2788=CARTESIAN_POINT('Origin',(2.20000000000001,2.2,0.));
#2789=CARTESIAN_POINT('',(173.8,0.,0.));
#2790=CARTESIAN_POINT('',(0.,0.,0.));
#2791=CARTESIAN_POINT('Origin',(173.8,2.20000000000001,0.));
#2792=CARTESIAN_POINT('',(173.3,2.5,0.));
#2793=CARTESIAN_POINT('',(2.7,2.5,0.));
#2794=CARTESIAN_POINT('',(132.,2.5,0.));
#2795=CARTESIAN_POINT('',(2.5,2.7,0.));
#2796=CARTESIAN_POINT('Origin',(2.7,2.7,0.));
#2797=CARTESIAN_POINT('',(2.5,173.3,0.));
#2798=CARTESIAN_POINT('',(2.5,44.,0.));
#2799=CARTESIAN_POINT('',(2.7,173.5,0.));
#2800=CARTESIAN_POINT('Origin',(2.7,173.3,0.));
#2801=CARTESIAN_POINT('',(173.3,173.5,0.));
#2802=CARTESIAN_POINT('',(44.,173.5,0.));
#2803=CARTESIAN_POINT('',(173.5,173.3,0.));
#2804=CARTESIAN_POINT('Origin',(173.3,173.3,0.));
#2805=CARTESIAN_POINT('',(173.5,2.7,0.));
#2806=CARTESIAN_POINT('',(173.5,132.,0.));
#2807=CARTESIAN_POINT('Origin',(173.3,2.7,0.));
#2808=CARTESIAN_POINT('Origin',(173.8,2.20000000000001,0.));
#2809=CARTESIAN_POINT('',(173.8,0.,0.));
#2810=CARTESIAN_POINT('Origin',(176.,0.,0.));
#2811=CARTESIAN_POINT('',(2.20000000000001,0.,0.));
#2812=CARTESIAN_POINT('Origin',(2.20000000000001,2.2,0.));
#2813=CARTESIAN_POINT('Ctrl Pts',(173.390231729679,173.390231729679,-37.3902317296789));
#2814=CARTESIAN_POINT('Ctrl Pts',(173.380758172551,173.409178843934,-37.3807581725512));
#2815=CARTESIAN_POINT('Ctrl Pts',(173.359844151525,173.441468594559,-37.359844151525));
#2816=CARTESIAN_POINT('Ctrl Pts',(173.304889807212,173.486300361605,-37.3048898072124));
#2817=CARTESIAN_POINT('Ctrl Pts',(173.260842921146,173.5,-37.2608429211457));
#2818=CARTESIAN_POINT('Ctrl Pts',(173.24143020228,173.5,-37.2414302022804));
#2819=CARTESIAN_POINT('Ctrl Pts',(173.399705286807,173.399705286807,-37.3712846154234));
#2820=CARTESIAN_POINT('Ctrl Pts',(173.390114451503,173.416712112343,-37.361976004494));
#2821=CARTESIAN_POINT('Ctrl Pts',(173.369110119565,173.446431368052,-37.3410664899758));
#2822=CARTESIAN_POINT('Ctrl Pts',(173.3151029364,173.488178909649,-37.286252391349));
#2823=CARTESIAN_POINT('Ctrl Pts',(173.273112461993,173.5,-37.246416411535));
#2824=CARTESIAN_POINT('Ctrl Pts',(173.253769680092,173.5,-37.2290907244688));
#2825=CARTESIAN_POINT('Ctrl Pts',(173.41542730622,173.41542730622,-37.3303021898474));
#2826=CARTESIAN_POINT('Ctrl Pts',(173.405889169682,173.429706040527,-37.3210127980369));
#2827=CARTESIAN_POINT('Ctrl Pts',(173.384599972375,173.455939639979,-37.2990695971087));
#2828=CARTESIAN_POINT('Ctrl Pts',(173.332032730584,173.492371874354,-37.2438149291838));
#2829=CARTESIAN_POINT('Ctrl Pts',(173.294544942486,173.5,-37.2145101286479));
#2830=CARTESIAN_POINT('Ctrl Pts',(173.275198549535,173.5,-37.2011639949299));
#2831=CARTESIAN_POINT('Ctrl Pts',(173.436751753785,173.436751753785,-37.2225794634438));
#2832=CARTESIAN_POINT('Ctrl Pts',(173.426106682508,173.448965371281,-37.2144656552888));
#2833=CARTESIAN_POINT('Ctrl Pts',(173.401170329023,173.47159465212,-37.195458173305));
#2834=CARTESIAN_POINT('Ctrl Pts',(173.35164821461,173.495056513414,-37.1695627457133));
#2835=CARTESIAN_POINT('Ctrl Pts',(173.315091681306,173.5,-37.158822045344));
#2836=CARTESIAN_POINT('Ctrl Pts',(173.295405319063,173.5,-37.1523805378835));
#2837=CARTESIAN_POINT('Ctrl Pts',(173.441421356237,173.441421356237,-37.138852125816));
#2838=CARTESIAN_POINT('Ctrl Pts',(173.429765644826,173.453077067649,-37.1366953522863));
#2839=CARTESIAN_POINT('Ctrl Pts',(173.403094324801,173.473972481859,-37.1319968013982));
#2840=CARTESIAN_POINT('Ctrl Pts',(173.354598059095,173.494893432386,-37.1244267007176));
#2841=CARTESIAN_POINT('Ctrl Pts',(173.318422919882,173.5,-37.1197465385114));
#2842=CARTESIAN_POINT('Ctrl Pts',(173.3,173.5,-37.1174808591542));
#2843=CARTESIAN_POINT('Ctrl Pts',(173.441421356237,173.441421356237,-37.1000302022804));
#2844=CARTESIAN_POINT('Ctrl Pts',(173.429080014742,173.453762697732,-37.1000302022804));
#2845=CARTESIAN_POINT('Ctrl Pts',(173.401149067312,173.475194803667,-37.1000302022804));
#2846=CARTESIAN_POINT('Ctrl Pts',(173.352358242295,173.495404625109,-37.1000302022805));
#2847=CARTESIAN_POINT('Ctrl Pts',(173.31745329252,173.5,-37.1000302022804));
#2848=CARTESIAN_POINT('Ctrl Pts',(173.3,173.5,-37.1000302022804));
#2849=CARTESIAN_POINT('',(173.3,173.5,-37.1000302022804));
#2850=CARTESIAN_POINT('Origin',(173.3,173.3,-37.1000302022804));
#2851=CARTESIAN_POINT('Origin',(173.10003020228,173.5,-37.1000302022804));
#2852=CARTESIAN_POINT('Origin',(173.3,173.3,0.));
#2853=CARTESIAN_POINT('',(173.3,173.5,0.));
#2854=CARTESIAN_POINT('',(173.5,173.3,0.));
#2855=CARTESIAN_POINT('Ctrl Pts',(2.60976827032111,173.390231729679,-37.3902317296789));
#2856=CARTESIAN_POINT('Ctrl Pts',(2.61924182744883,173.409178843934,-37.3807581725512));
#2857=CARTESIAN_POINT('Ctrl Pts',(2.64015584847501,173.441468594559,-37.359844151525));
#2858=CARTESIAN_POINT('Ctrl Pts',(2.69511019278758,173.486300361605,-37.3048898072124));
#2859=CARTESIAN_POINT('Ctrl Pts',(2.73915707885431,173.5,-37.2608429211457));
#2860=CARTESIAN_POINT('Ctrl Pts',(2.75856979771955,173.5,-37.2414302022804));
#2861=CARTESIAN_POINT('Ctrl Pts',(2.62871538457656,173.399705286807,-37.3997052868066));
#2862=CARTESIAN_POINT('Ctrl Pts',(2.63802399550604,173.416712112343,-37.390114451503));
#2863=CARTESIAN_POINT('Ctrl Pts',(2.6589335100242,173.446431368052,-37.3691101195652));
#2864=CARTESIAN_POINT('Ctrl Pts',(2.71374760865104,173.488178909649,-37.3151029363997));
#2865=CARTESIAN_POINT('Ctrl Pts',(2.75358358846499,173.5,-37.2731124619935));
#2866=CARTESIAN_POINT('Ctrl Pts',(2.77090927553115,173.5,-37.253769680092));
#2867=CARTESIAN_POINT('Ctrl Pts',(2.66969781015256,173.41542730622,-37.4154273062199));
#2868=CARTESIAN_POINT('Ctrl Pts',(2.67898720196306,173.429706040527,-37.4058891696817));
#2869=CARTESIAN_POINT('Ctrl Pts',(2.7009304028913,173.455939639979,-37.3845999723748));
#2870=CARTESIAN_POINT('Ctrl Pts',(2.75618507081615,173.492371874354,-37.3320327305844));
#2871=CARTESIAN_POINT('Ctrl Pts',(2.78548987135211,173.5,-37.2945449424864));
#2872=CARTESIAN_POINT('Ctrl Pts',(2.79883600507011,173.5,-37.2751985495345));
#2873=CARTESIAN_POINT('Ctrl Pts',(2.7774205365562,173.436751753785,-37.4367517537851));
#2874=CARTESIAN_POINT('Ctrl Pts',(2.78553434471119,173.448965371281,-37.426106682508));
#2875=CARTESIAN_POINT('Ctrl Pts',(2.80454182669502,173.47159465212,-37.4011703290229));
#2876=CARTESIAN_POINT('Ctrl Pts',(2.83043725428664,173.495056513414,-37.3516482146098));
#2877=CARTESIAN_POINT('Ctrl Pts',(2.84117795465594,173.5,-37.3150916813063));
#2878=CARTESIAN_POINT('Ctrl Pts',(2.84761946211651,173.5,-37.2954053190625));
#2879=CARTESIAN_POINT('Ctrl Pts',(2.86114787418398,173.441421356237,-37.4414213562373));
#2880=CARTESIAN_POINT('Ctrl Pts',(2.86330464771374,173.453077067649,-37.4297656448255));
#2881=CARTESIAN_POINT('Ctrl Pts',(2.86800319860179,173.473972481859,-37.4030943248004));
#2882=CARTESIAN_POINT('Ctrl Pts',(2.87557329928239,173.494893432386,-37.3545980590948));
#2883=CARTESIAN_POINT('Ctrl Pts',(2.88025346148858,173.5,-37.3184229198822));
#2884=CARTESIAN_POINT('Ctrl Pts',(2.88251914084578,173.5,-37.3));
#2885=CARTESIAN_POINT('Ctrl Pts',(2.89996979771955,173.441421356237,-37.4414213562373));
#2886=CARTESIAN_POINT('Ctrl Pts',(2.89996979771955,173.453762697732,-37.4290800147424));
#2887=CARTESIAN_POINT('Ctrl Pts',(2.89996979771955,173.475194803667,-37.4011490673119));
#2888=CARTESIAN_POINT('Ctrl Pts',(2.89996979771955,173.495404625109,-37.3523582422946));
#2889=CARTESIAN_POINT('Ctrl Pts',(2.89996979771955,173.5,-37.3174532925199));
#2890=CARTESIAN_POINT('Ctrl Pts',(2.89996979771955,173.5,-37.3));
#2891=CARTESIAN_POINT('',(2.89996979771955,173.5,-37.3));
#2892=CARTESIAN_POINT('Origin',(2.89996979771955,173.3,-37.3));
#2893=CARTESIAN_POINT('Origin',(2.89996979771955,173.5,-37.1000302022804));
#2894=CARTESIAN_POINT('Origin',(2.7,173.3,0.));
#2895=CARTESIAN_POINT('',(2.5,173.3,0.));
#2896=CARTESIAN_POINT('',(2.7,173.5,0.));
#2897=CARTESIAN_POINT('Ctrl Pts',(173.390231729679,2.6097682703211,-37.3902317296789));
#2898=CARTESIAN_POINT('Ctrl Pts',(173.409178843934,2.61924182744883,-37.3807581725512));
#2899=CARTESIAN_POINT('Ctrl Pts',(173.441468594559,2.64015584847501,-37.359844151525));
#2900=CARTESIAN_POINT('Ctrl Pts',(173.486300361605,2.69511019278758,-37.3048898072124));
#2901=CARTESIAN_POINT('Ctrl Pts',(173.5,2.73915707885432,-37.2608429211457));
#2902=CARTESIAN_POINT('Ctrl Pts',(173.5,2.75856979771955,-37.2414302022804));
#2903=CARTESIAN_POINT('Ctrl Pts',(173.399705286807,2.60029471319338,-37.3712846154234));
#2904=CARTESIAN_POINT('Ctrl Pts',(173.416712112343,2.60988554849703,-37.3619760044939));
#2905=CARTESIAN_POINT('Ctrl Pts',(173.446431368052,2.63088988043478,-37.3410664899758));
#2906=CARTESIAN_POINT('Ctrl Pts',(173.488178909649,2.68489706360026,-37.2862523913489));
#2907=CARTESIAN_POINT('Ctrl Pts',(173.5,2.72688753800644,-37.246416411535));
#2908=CARTESIAN_POINT('Ctrl Pts',(173.5,2.74623031990795,-37.2290907244688));
#2909=CARTESIAN_POINT('Ctrl Pts',(173.41542730622,2.58457269378012,-37.3303021898474));
#2910=CARTESIAN_POINT('Ctrl Pts',(173.429706040527,2.59411083031835,-37.3210127980369));
#2911=CARTESIAN_POINT('Ctrl Pts',(173.455939639979,2.61540002762516,-37.2990695971087));
#2912=CARTESIAN_POINT('Ctrl Pts',(173.492371874354,2.66796726941553,-37.2438149291838));
#2913=CARTESIAN_POINT('Ctrl Pts',(173.5,2.70545505751358,-37.2145101286479));
#2914=CARTESIAN_POINT('Ctrl Pts',(173.5,2.72480145046551,-37.2011639949299));
#2915=CARTESIAN_POINT('Ctrl Pts',(173.436751753785,2.56324824621494,-37.2225794634438));
#2916=CARTESIAN_POINT('Ctrl Pts',(173.448965371281,2.57389331749198,-37.2144656552888));
#2917=CARTESIAN_POINT('Ctrl Pts',(173.47159465212,2.5988296709771,-37.195458173305));
#2918=CARTESIAN_POINT('Ctrl Pts',(173.495056513414,2.64835178539026,-37.1695627457133));
#2919=CARTESIAN_POINT('Ctrl Pts',(173.5,2.68490831869366,-37.158822045344));
#2920=CARTESIAN_POINT('Ctrl Pts',(173.5,2.70459468093745,-37.1523805378835));
#2921=CARTESIAN_POINT('Ctrl Pts',(173.441421356237,2.55857864376269,-37.138852125816));
#2922=CARTESIAN_POINT('Ctrl Pts',(173.453077067649,2.57023435517452,-37.1366953522863));
#2923=CARTESIAN_POINT('Ctrl Pts',(173.473972481859,2.59690567519954,-37.1319968013982));
#2924=CARTESIAN_POINT('Ctrl Pts',(173.494893432386,2.64540194090518,-37.1244267007176));
#2925=CARTESIAN_POINT('Ctrl Pts',(173.5,2.68157708011783,-37.1197465385114));
#2926=CARTESIAN_POINT('Ctrl Pts',(173.5,2.7,-37.1174808591542));
#2927=CARTESIAN_POINT('Ctrl Pts',(173.441421356237,2.55857864376269,-37.1000302022804));
#2928=CARTESIAN_POINT('Ctrl Pts',(173.453762697732,2.57091998525757,-37.1000302022804));
#2929=CARTESIAN_POINT('Ctrl Pts',(173.475194803667,2.59885093268807,-37.1000302022804));
#2930=CARTESIAN_POINT('Ctrl Pts',(173.495404625109,2.64764175770537,-37.1000302022805));
#2931=CARTESIAN_POINT('Ctrl Pts',(173.5,2.68254670748005,-37.1000302022804));
#2932=CARTESIAN_POINT('Ctrl Pts',(173.5,2.7,-37.1000302022804));
#2933=CARTESIAN_POINT('',(173.5,2.7,-37.1000302022804));
#2934=CARTESIAN_POINT('Origin',(173.3,2.7,-37.1000302022804));
#2935=CARTESIAN_POINT('Origin',(173.5,2.89996979771955,-37.1000302022804));
#2936=CARTESIAN_POINT('Origin',(173.3,2.7,0.));
#2937=CARTESIAN_POINT('',(173.5,2.7,0.));
#2938=CARTESIAN_POINT('',(173.3,2.5,0.));
#2939=CARTESIAN_POINT('Origin',(173.3,132.,-37.3));
#2940=CARTESIAN_POINT('',(173.5,132.,-37.3));
#2941=CARTESIAN_POINT('',(173.3,132.,-37.5));
#2942=CARTESIAN_POINT('Ctrl Pts',(2.60976827032111,2.60976827032111,-37.3902317296789));
#2943=CARTESIAN_POINT('Ctrl Pts',(2.61924182744883,2.61924182744883,-37.4091788439343));
#2944=CARTESIAN_POINT('Ctrl Pts',(2.64015584847501,2.64015584847501,-37.4414685945592));
#2945=CARTESIAN_POINT('Ctrl Pts',(2.69511019278758,2.69511019278758,-37.4863003616046));
#2946=CARTESIAN_POINT('Ctrl Pts',(2.73915707885432,2.73915707885432,-37.5));
#2947=CARTESIAN_POINT('Ctrl Pts',(2.75856979771955,2.75856979771955,-37.5));
#2948=CARTESIAN_POINT('Ctrl Pts',(2.62871538457656,2.60029471319338,-37.3997052868066));
#2949=CARTESIAN_POINT('Ctrl Pts',(2.63802399550604,2.60988554849704,-37.416712112343));
#2950=CARTESIAN_POINT('Ctrl Pts',(2.6589335100242,2.63088988043478,-37.4464313680517));
#2951=CARTESIAN_POINT('Ctrl Pts',(2.71374760865105,2.68489706360026,-37.4881789096494));
#2952=CARTESIAN_POINT('Ctrl Pts',(2.75358358846499,2.72688753800644,-37.5));
#2953=CARTESIAN_POINT('Ctrl Pts',(2.77090927553115,2.74623031990795,-37.5));
#2954=CARTESIAN_POINT('Ctrl Pts',(2.66969781015256,2.58457269378012,-37.4154273062199));
#2955=CARTESIAN_POINT('Ctrl Pts',(2.67898720196306,2.59411083031835,-37.4297060405272));
#2956=CARTESIAN_POINT('Ctrl Pts',(2.7009304028913,2.61540002762516,-37.4559396399788));
#2957=CARTESIAN_POINT('Ctrl Pts',(2.75618507081615,2.66796726941553,-37.4923718743538));
#2958=CARTESIAN_POINT('Ctrl Pts',(2.78548987135212,2.70545505751358,-37.5));
#2959=CARTESIAN_POINT('Ctrl Pts',(2.79883600507011,2.72480145046551,-37.5));
#2960=CARTESIAN_POINT('Ctrl Pts',(2.7774205365562,2.56324824621494,-37.4367517537851));
#2961=CARTESIAN_POINT('Ctrl Pts',(2.78553434471119,2.57389331749198,-37.4489653712808));
#2962=CARTESIAN_POINT('Ctrl Pts',(2.80454182669502,2.5988296709771,-37.4715946521204));
#2963=CARTESIAN_POINT('Ctrl Pts',(2.83043725428665,2.64835178539026,-37.4950565134147));
#2964=CARTESIAN_POINT('Ctrl Pts',(2.84117795465594,2.68490831869366,-37.5));
#2965=CARTESIAN_POINT('Ctrl Pts',(2.84761946211651,2.70459468093745,-37.5));
#2966=CARTESIAN_POINT('Ctrl Pts',(2.86114787418398,2.55857864376269,-37.4414213562373));
#2967=CARTESIAN_POINT('Ctrl Pts',(2.86330464771374,2.57023435517452,-37.4530770676491));
#2968=CARTESIAN_POINT('Ctrl Pts',(2.8680031986018,2.59690567519954,-37.4739724818595));
#2969=CARTESIAN_POINT('Ctrl Pts',(2.87557329928239,2.64540194090518,-37.4948934323861));
#2970=CARTESIAN_POINT('Ctrl Pts',(2.88025346148858,2.68157708011783,-37.5));
#2971=CARTESIAN_POINT('Ctrl Pts',(2.88251914084578,2.7,-37.5));
#2972=CARTESIAN_POINT('Ctrl Pts',(2.89996979771955,2.55857864376269,-37.4414213562373));
#2973=CARTESIAN_POINT('Ctrl Pts',(2.89996979771955,2.57091998525757,-37.4537626977322));
#2974=CARTESIAN_POINT('Ctrl Pts',(2.89996979771955,2.59885093268807,-37.475194803667));
#2975=CARTESIAN_POINT('Ctrl Pts',(2.89996979771955,2.64764175770537,-37.4954046251085));
#2976=CARTESIAN_POINT('Ctrl Pts',(2.89996979771955,2.68254670748005,-37.5));
#2977=CARTESIAN_POINT('Ctrl Pts',(2.89996979771955,2.7,-37.5));
#2978=CARTESIAN_POINT('',(2.89996979771955,2.7,-37.5));
#2979=CARTESIAN_POINT('Origin',(2.89996979771955,2.7,-37.3));
#2980=CARTESIAN_POINT('Origin',(2.89996979771955,2.89996979771955,-37.5));
#2981=CARTESIAN_POINT('Origin',(2.7,2.7,0.));
#2982=CARTESIAN_POINT('',(2.7,2.5,0.));
#2983=CARTESIAN_POINT('',(2.5,2.7,0.));
#2984=CARTESIAN_POINT('Origin',(132.,2.7,-37.3));
#2985=CARTESIAN_POINT('',(132.,2.5,-37.3));
#2986=CARTESIAN_POINT('',(132.,2.7,-37.5));
#2987=CARTESIAN_POINT('Origin',(2.7,44.,-37.3));
#2988=CARTESIAN_POINT('',(2.5,44.,-37.3));
#2989=CARTESIAN_POINT('',(2.7,44.,-37.5));
#2990=CARTESIAN_POINT('Origin',(44.,173.3,-37.3));
#2991=CARTESIAN_POINT('',(44.,173.5,-37.3));
#2992=CARTESIAN_POINT('',(44.,173.3,-37.5));
#2993=CARTESIAN_POINT('Origin',(173.5,176.,0.));
#2994=CARTESIAN_POINT('Origin',(176.,2.5,0.));
#2995=CARTESIAN_POINT('Origin',(88.,88.,-37.5));
#2996=CARTESIAN_POINT('',(170.3,5.50000000000001,-37.5));
#2997=CARTESIAN_POINT('',(5.7,5.50000000000001,-37.5));
#2998=CARTESIAN_POINT('',(46.75,5.50000000000001,-37.5));
#2999=CARTESIAN_POINT('',(5.50000000000001,5.7,-37.5));
#3000=CARTESIAN_POINT('Origin',(5.70000000000001,5.7,-37.5));
#3001=CARTESIAN_POINT('',(5.50000000000001,170.3,-37.5));
#3002=CARTESIAN_POINT('',(5.50000000000001,129.25,-37.5));
#3003=CARTESIAN_POINT('',(5.7,170.5,-37.5));
#3004=CARTESIAN_POINT('Origin',(5.7,170.3,-37.5));
#3005=CARTESIAN_POINT('',(170.3,170.5,-37.5));
#3006=CARTESIAN_POINT('',(129.25,170.5,-37.5));
#3007=CARTESIAN_POINT('',(170.5,170.3,-37.5));
#3008=CARTESIAN_POINT('Origin',(170.3,170.3,-37.5));
#3009=CARTESIAN_POINT('',(170.5,5.7,-37.5));
#3010=CARTESIAN_POINT('',(170.5,46.75,-37.5));
#3011=CARTESIAN_POINT('Origin',(170.3,5.70000000000001,-37.5));
#3012=CARTESIAN_POINT('Origin',(5.70000000000001,5.7,-40.));
#3013=CARTESIAN_POINT('',(5.50000000000001,5.7,-40.));
#3014=CARTESIAN_POINT('',(5.70000000000001,5.50000000000001,-40.));
#3015=CARTESIAN_POINT('Origin',(5.50000000000001,170.5,-40.));
#3016=CARTESIAN_POINT('',(5.50000000000001,170.3,-40.));
#3017=CARTESIAN_POINT('Origin',(5.7,170.3,-40.));
#3018=CARTESIAN_POINT('',(5.7,170.5,-40.));
#3019=CARTESIAN_POINT('Origin',(170.5,170.5,-40.));
#3020=CARTESIAN_POINT('',(170.3,170.5,-40.));
#3021=CARTESIAN_POINT('Origin',(170.3,170.3,-40.));
#3022=CARTESIAN_POINT('',(170.5,170.3,-40.));
#3023=CARTESIAN_POINT('Origin',(170.5,5.50000000000001,-40.));
#3024=CARTESIAN_POINT('',(170.5,5.70000000000001,-40.));
#3025=CARTESIAN_POINT('Origin',(170.3,5.70000000000001,-40.));
#3026=CARTESIAN_POINT('',(170.3,5.50000000000001,-40.));
#3027=CARTESIAN_POINT('Origin',(5.50000000000001,5.50000000000001,-40.));
#3028=CARTESIAN_POINT('Origin',(0.,173.5,0.));
#3029=CARTESIAN_POINT('Origin',(2.5,0.,0.));
#3030=UNCERTAINTY_MEASURE_WITH_UNIT(LENGTH_MEASURE(0.01),#3034,
'DISTANCE_ACCURACY_VALUE',
'Maximum model space distance between geometric entities at asserted c
onnectivities');
#3031=UNCERTAINTY_MEASURE_WITH_UNIT(LENGTH_MEASURE(0.01),#3034,
'DISTANCE_ACCURACY_VALUE',
'Maximum model space distance between geometric entities at asserted c
onnectivities');
#3032=(
GEOMETRIC_REPRESENTATION_CONTEXT(3)
GLOBAL_UNCERTAINTY_ASSIGNED_CONTEXT((#3030))
GLOBAL_UNIT_ASSIGNED_CONTEXT((#3034,#3036,#3037))
REPRESENTATION_CONTEXT('','3D')
);
#3033=(
GEOMETRIC_REPRESENTATION_CONTEXT(3)
GLOBAL_UNCERTAINTY_ASSIGNED_CONTEXT((#3031))
GLOBAL_UNIT_ASSIGNED_CONTEXT((#3034,#3036,#3037))
REPRESENTATION_CONTEXT('','3D')
);
#3034=(
LENGTH_UNIT()
NAMED_UNIT(*)
SI_UNIT(.MILLI.,.METRE.)
);
#3035=(
LENGTH_UNIT()
NAMED_UNIT(*)
SI_UNIT($,.METRE.)
);
#3036=(
NAMED_UNIT(*)
PLANE_ANGLE_UNIT()
SI_UNIT($,.RADIAN.)
);
#3037=(
NAMED_UNIT(*)
SI_UNIT($,.STERADIAN.)
SOLID_ANGLE_UNIT()
);
#3038=SHAPE_DEFINITION_REPRESENTATION(#3039,#3040);
#3039=PRODUCT_DEFINITION_SHAPE('',$,#3042);
#3040=SHAPE_REPRESENTATION('',(#1238),#3032);
#3041=PRODUCT_DEFINITION_CONTEXT('part definition',#3046,'design');
#3042=PRODUCT_DEFINITION('\X2\C678BD80CF00C774C2A4\X0\',
'\X2\C678BD80CF00C774C2A4\X0\',#3043,#3041);
#3043=PRODUCT_DEFINITION_FORMATION('',$,#3048);
#3044=PRODUCT_RELATED_PRODUCT_CATEGORY('\X2\C678BD80CF00C774C2A4\X0\',
'\X2\C678BD80CF00C774C2A4\X0\',(#3048));
#3045=APPLICATION_PROTOCOL_DEFINITION('international standard',
'automotive_design',2009,#3046);
#3046=APPLICATION_CONTEXT(
'Core Data for Automotive Mechanical Design Process');
#3047=PRODUCT_CONTEXT('part definition',#3046,'mechanical');
#3048=PRODUCT('\X2\C678BD80CF00C774C2A4\X0\','\X2\C678BD80CF00C774C2A4\X0\',
$,(#3047));
#3049=PRESENTATION_STYLE_ASSIGNMENT((#3050));
#3050=SURFACE_STYLE_USAGE(.BOTH.,#3051);
#3051=SURFACE_SIDE_STYLE('',(#3052));
#3052=SURFACE_STYLE_FILL_AREA(#3053);
#3053=FILL_AREA_STYLE('ABS(\X2\D770C0C9\X0\)',(#3054));
#3054=FILL_AREA_STYLE_COLOUR('ABS(\X2\D770C0C9\X0\)',#3055);
#3055=COLOUR_RGB('ABS(\X2\D770C0C9\X0\)',0.964705882352941,0.964705882352941,
0.952941176470588);
ENDSEC;
END-ISO-10303-21;
